funcion1	funcion2	R	P
Taire.Tsuelo	Bact_total	-0.776746156643093	0.0017883841697488
Pacispora.boliviana	Lumbricina	0.754074113067473	0.000739417229377537
Macrofauna	Formicidae	0.963370434492925	2.15323003871504e-09
X078..17.1.w8c	Formicidae	0.720656063821494	0.00163573683550133
Shinella	Formicidae	0.716540839614305	0.00179016547729027
Macrofauna	Isoptera	0.836880497529635	5.29140099918557e-05
A..denticulata	Isoptera	0.704351400929304	0.00231845276540765
A..spinosa	Isoptera	0.939636472256784	6.66953166028605e-08
Glomus.sp..2	Isoptera	0.741867253941101	0.00100161503298013
Glomus.sp..3	Isoptera	0.703540756788215	0.00235763129293787
X032..14.0.ISO	Isoptera	0.717102233258526	0.00176842663278087
X078..17.1.w8c	Isoptera	0.986103293236087	2.58726373658646e-12
Clostridium	Isoptera	0.839536659673067	4.75222796785246e-05
Knoellia	Isoptera	1	0
Act.Nitrificante	Isoptera	0.888634548902049	4.22385244114309e-06
Fermentadores	Isoptera	0.749410218063355	0.000831966559181385
Entrophospora.infrequens	Coleoptera	0.72005884526421	0.00165744993822381
Skermanella	Coleoptera	0.737227266944654	0.0011193423759237
Kaistia	Coleoptera	0.755004467557475	0.00072200799517308
Dyella	Coleoptera	0.755004467557475	0.00072200799517308
Kineosporia	Coleoptera	0.755004467557475	0.00072200799517308
A..bireticulata	Diplopoda	0.77330372670651	0.000442141721720857
A..mellea	Diplopoda	0.909500065378493	1.0466042588142e-06
C..etunicatum	Diplopoda	0.949326127183658	2.01122214438243e-08
Sclerocystis.sp..1	Diplopoda	0.954883983146013	9.05205110868224e-09
Scutellospora.biornata	Diplopoda	0.700271161395721	0.0025211330276913
Dentiscutata.heterogama	Diplopoda	0.726091064502806	0.00144857045801583
Riqueza	Diplopoda	0.837603547148289	5.13980633054523e-05
X060..16.0.ANTEISO	Diplopoda	0.820820345060134	9.75889353032056e-05
Actinomadura	Diplopoda	0.945333300561779	3.38361592078229e-08
Laribacter	Diplopoda	0.945333300561779	3.38361592078229e-08
Lysobacter	Diplopoda	0.897865034850508	2.36411844189988e-06
O.Sulfuro	Chilopoda	0.718330698348239	0.00172160496831752
S..dipapillosa	Larvas	0.715239350236613	0.00184139947381512
X056..16.1.ISO.H	Larvas	0.80532695019421	0.000166892580850897
X103..19.0.ISO	Larvas	0.706102246157438	0.00223563269171656
Rhodospirillum	Larvas	0.715919295506415	0.00181448641246851
Geodermatophilus	Larvas	0.715919295506415	0.00181448641246851
Luteibacter	Larvas	0.715919295506415	0.00181448641246851
Rickettsia	Larvas	0.715919295506415	0.00181448641246851
Rhodobium	Larvas	0.715919295506415	0.00181448641246851
Marinibacillus	Larvas	0.715919295506415	0.00181448641246851
Sphingosinicella	Larvas	0.715919295506415	0.00181448641246851
Telmatospirillum	Larvas	0.715919295506415	0.00181448641246851
X046..15.0.ANTEISO	Enchytraeidae	0.858217651681356	2.10516311689446e-05
Pe.1	Enchytraeidae	0.760354769313257	0.000628296320869026
Temp_suelo	Enchytraeidae	0.707631627097587	0.00216526602059841
A..spinosa	Macrofauna	0.71053692941128	0.00203654059832603
X078..17.1.w8c	Macrofauna	0.875263492149037	9.00350376564774e-06
Clostridium	Macrofauna	0.731298996415959	0.00128597550271148
Shinella	Macrofauna	0.761878847387236	0.000603515229412377
Knoellia	Macrofauna	0.836880497529635	5.29140099918557e-05
Mesofauna	Oribatida	0.746110505225172	0.000903016790984923
Fauna.Total	Oribatida	0.751666242034846	0.000786080285081425
CMB	Oribatida	0.784508713838674	0.000320230655627363
Methylosinus	Oribatida	0.702976405947836	0.00238522171088817
Steroidobacter	Oribatida	0.752047135869423	0.000778542095078549
Collembola	Mesostigmata	0.869488692620513	1.21634306631258e-05
Pseudonocardia	Mesostigmata	0.791412234484603	0.000260058716983869
Nitrobacter	Mesostigmata	0.921957247493527	3.83946493043297e-07
Corallococcus	Mesostigmata	0.921957247493527	3.83946493043297e-07
Solirubrobacter	Mesostigmata	0.811345494986395	0.00013626820791357
Vicinamibacter	Mesostigmata	0.751614905166191	0.000787100845293764
Collembola	Prostigmata	0.735473069717751	0.00116669439427142
Legionella	Prostigmata	0.702505896440403	0.00240842369645256
Pseudonocardia	Prostigmata	0.73662471867192	0.00113542676707978
Nitrobacter	Prostigmata	0.74416284982312	0.000947235848495653
Corallococcus	Prostigmata	0.74416284982312	0.000947235848495653
Legionella	Collembola	0.90065810066364	1.96197443913526e-06
Pseudonocardia	Collembola	0.848421540278535	3.26986941288077e-05
Nitrobacter	Collembola	0.959656603549492	4.19155243847058e-09
Corallococcus	Collembola	0.959656603549492	4.19155243847058e-09
Fauna.Total	Mesofauna	0.999659635095397	0
PF	Mesofauna	0.769937344286052	0.000485459759388185
Ambispora.leptoticha	Mesofauna	0.800225644661548	0.000197134858776815
Herpetosiphon	Mesofauna	0.785973542337504	0.00030658644324566
Actinoplanes	Mesofauna	0.785973542337504	0.00030658644324566
Cytophaga	Mesofauna	0.785973542337504	0.00030658644324566
Hydrocarboniphaga	Mesofauna	0.785973542337504	0.00030658644324566
Pandoraea	Mesofauna	0.785973542337504	0.00030658644324566
PF	Fauna.Total	0.78236068903345	0.000341143340016892
Ambispora.leptoticha	Fauna.Total	0.799309325566408	0.000203020809309784
Herpetosiphon	Fauna.Total	0.785468780863295	0.000311232679997442
Actinoplanes	Fauna.Total	0.785468780863295	0.000311232679997442
Cytophaga	Fauna.Total	0.785468780863295	0.000311232679997442
Hydrocarboniphaga	Fauna.Total	0.785468780863295	0.000311232679997442
Pandoraea	Fauna.Total	0.785468780863295	0.000311232679997442
Pedomicrobium	COT	-0.752146262931278	0.000776590049510029
Thermovenabulum	COT	-0.742820760690446	0.000978725916505496
A..excavata	COPf	0.736569213318615	0.00113691787517789
Acidisoma	COPf	0.716169499304252	0.00180466388371636
Rhizobium	COPf	0.80952380952381	0.000144998277062491
Burkholderia	COPf	0.845154254728517	3.76179838854629e-05
Pe	pH	0.803352486863698	0.000178104291748804
R...intraradices	pH	1	0
Sclerocystis.sinuosum	pH	1	0
CandidatusProtochlamydia	pH	0.779221168053406	0.000373729084280683
Terriglobus	pH	0.868243142124459	1.29548743881269e-05
Brevundimonas	pH	0.888634548902049	4.22385244114309e-06
Dehalococcoides	pH	1	0
Agromyces	pH	1	0
Saccharophagus	pH	1	0
Temp_aire	pH	0.867969372912627	1.31345116951564e-05
Densidad..g.cm3.	Nt	0.721051610817267	0.0122795718456636
Balneimonas	Nt	0.704373597531848	0.00231738746808396
Humedad.Vol..aut....	Pe	0.730362519975052	0.0013140580644555
Taire.Tsuelo	Pe	0.701861506092522	0.00749228970067106
Porosidad....	Pe	0.760681576115511	0.000622913305543538
R...intraradices	Pe	0.803352486863698	0.000178104291748804
Sclerocystis.sinuosum	Pe	0.803352486863698	0.000178104291748804
Terriglobus	Pe	0.706774460682893	0.00220447935742429
Brevundimonas	Pe	0.764265312207354	0.000566330332702591
Dehalococcoides	Pe	0.803352486863698	0.000178104291748804
Agromyces	Pe	0.803352486863698	0.000178104291748804
Saccharophagus	Pe	0.803352486863698	0.000178104291748804
Mesorhizobium	Pt	-0.754130586565866	0.000738350741456895
Phyllobacterium	Pt	-0.719523341056095	0.00167711816970373
Taire.Tsuelo	CHt	-0.901739198251501	2.5253322268437e-05
Humedad.Vol..aut....	CHs	-0.707386358148908	0.00217642825885145
Taire.Tsuelo	CHs	-0.752491687768982	0.00299761565245915
A17	CHs	-0.725812141013039	0.00145773004957261
Paludibaculum	CHs	0.704934404989162	0.00229060353444455
Temp...suelo...C.	Humedad.Vol..aut....	0.881693068328006	6.32749977702574e-06
Taire.Tsuelo	Humedad.Vol..aut....	0.979875414111494	4.79562634048136e-09
Porosidad....	Humedad.Vol..aut....	0.726343289093629	0.00144032807320404
Vmax	Humedad.Vol..aut....	0.700878950001757	0.00249006512170169
Rhodanobacter	Humedad.Vol..aut....	0.781282049564272	0.000352062758254057
Taire.Tsuelo	Temp...suelo...C.	0.964292296213698	1.09021582872515e-07
G..rosea	Temp...suelo...C.	0.776746256703286	0.000401191516822719
Pacispora.boliviana	Temp...suelo...C.	0.704004566454661	0.00233515023847541
Pacispora.sp..1	Temp...suelo...C.	0.761714159037635	0.000606153635803519
Planctomyces	Temp...suelo...C.	0.700974849629708	0.00248519151650806
Rhodanobacter	Temp...suelo...C.	0.938300709047643	7.74592372465577e-08
Caldilinea	Temp...suelo...C.	0.706402841975976	0.00222165796845131
Rickettsiella	Temp...suelo...C.	0.749123655780961	0.000837949036294638
Geothrix	Temp...suelo...C.	0.749123655780961	0.000837949036294638
Archangium	Temp...suelo...C.	0.749123655780961	0.000837949036294638
Aeromicrobium	Tem..aire...C.	0.774358847155456	0.000429240381367491
Raoultella	Tem..aire...C.	0.710181826016882	0.00205193248217284
Gemmatimonas	Tem..aire...C.	0.749259228161725	0.00083511435083139
Heliobacterium	Tem..aire...C.	-0.7471217507147	0.000880733650512111
Porosidad....	Taire.Tsuelo	0.720838658179566	0.00543432056883675
Vmax	Taire.Tsuelo	0.735677798027574	0.00415299986544349
G..rosea	Taire.Tsuelo	0.727863091963476	0.00479469657615983
Pacispora.sp..1	Taire.Tsuelo	0.708884089142265	0.00667139772495484
Planctomyces	Taire.Tsuelo	0.722132664251248	0.00531183103963517
Rhodanobacter	Taire.Tsuelo	0.880358426072255	7.14704392958954e-05
CandidatusProtochlamydia	Taire.Tsuelo	0.707261351643548	0.00685464928059765
Entrophospora.infrequens	Densidad..g.cm3.	0.753510783494563	0.00740911396964394
Funneliformis.coronatum	Densidad..g.cm3.	0.78950418738731	0.00385227832297952
Densidad.de.esporas.total	Densidad..g.cm3.	0.802988430336242	0.00292014023612897
X100..TBSA.10Me18.0	Densidad..g.cm3.	0.818456947623808	0.00206987135262326
X106..19.0.CYCLO.w8c	Densidad..g.cm3.	0.716652506995963	0.0130831261446038
Balneimonas	Densidad..g.cm3.	0.729827417855312	0.0107840763984812
Aeromicrobium	Densidad..g.cm3.	0.849317311790023	0.00093814565141459
Deinococcus	Densidad..g.cm3.	0.858031227181959	0.000727081008759844
Raoultella	Densidad..g.cm3.	0.817582704935819	0.0021122684514836
Micromonospora	Densidad..g.cm3.	0.757440980608693	0.00693490461957147
Alicyclobacillus	Densidad..g.cm3.	0.779359281131858	0.00468654302576921
Couchioplanes	Densidad..g.cm3.	0.737305835068495	0.00961791729966244
Kaistia	Densidad..g.cm3.	0.737305835068495	0.00961791729966244
Dyella	Densidad..g.cm3.	0.737305835068495	0.00961791729966244
Kineosporia	Densidad..g.cm3.	0.737305835068495	0.00961791729966244
pH.1	Densidad..g.cm3.	-0.8273150177272	0.00167523541159431
PT	Porosidad....	0.702977626781549	0.00238516174490666
Vmax	Porosidad....	0.739398296923433	0.00106292556793619
PF	HT	0.846533989791066	3.54700702356325e-05
A..denticulata	HT	0.777308042043349	0.000394816159436484
A..denticulata	PF	0.908988694889305	1.0871940330226e-06
Ambispora.leptoticha	PF	0.752395326615224	0.000771703112421251
Glomus.sp..3	PF	0.72586885056318	0.00145586394764985
Herpetosiphon	PF	0.760258969825777	0.000629881514973452
Actinoplanes	PF	0.760258969825777	0.000629881514973452
Cytophaga	PF	0.760258969825777	0.000629881514973452
Hydrocarboniphaga	PF	0.760258969825777	0.000629881514973452
Pandoraea	PF	0.760258969825777	0.000629881514973452
X.Vmax_Km.	Km	-0.901539855818266	1.84771967903785e-06
CMB	Km	0.713228063009991	0.00192291353720453
CMB	X.Vmax_Km.	-0.753686782995516	0.000746765990411902
Amphritea	CMB	0.754344554692087	0.000734321455064801
Septoglomus.constrictum	nifH_.qPCR.	0.781963594850722	0.000345130224323587
F..geosporus	nifH_.qPCR.	0.963902679874913	1.94629468097673e-09
Streptomyces	nifH_.qPCR.	0.758670598230499	0.000656647259091869
Inquilinus	nifH_.qPCR.	0.967993115783638	8.47843129037074e-10
Arhodomonas	nifH_.qPCR.	0.967993115783638	8.47843129037074e-10
Humedad_Vol_aut	nifH_.qPCR.	0.700638934659316	0.00250229658051149
F..mosseae	Acaulospora.alpina	0.916651676440975	5.99749680585404e-07
X071..15.0.3OH	Acaulospora.alpina	0.771345049209409	0.000466939063066052
Nitrospira	Acaulospora.alpina	0.84134929443353	4.41130879060836e-05
A..mellea	A..bireticulata	0.844954114404994	3.79384075350764e-05
C..etunicatum	A..bireticulata	0.817513149441794	0.000109884829293305
Sclerocystis.sp..1	A..bireticulata	0.801176194929244	0.000191179321206825
Actinomadura	A..bireticulata	0.83699234134432	5.26771050370911e-05
Laribacter	A..bireticulata	0.83699234134432	5.26771050370911e-05
Lysobacter	A..bireticulata	0.730343095625176	0.00131464580446528
G..rosea	A..delicata	0.808074508122404	0.000152271360831291
Pacispora.boliviana	A..delicata	0.811600689706994	0.000135080911361829
Pacispora.sp..1	A..delicata	0.781683118697397	0.000347969381159663
Glomus.sp..3	A..denticulata	0.737390332784905	0.00111502167932653
Clostridium	A..denticulata	0.735590990567071	0.0011634608386708
Knoellia	A..denticulata	0.704351400929304	0.00231845276540765
Entrophospora.infrequens	A..excavata	0.814447879123533	0.000122407289623538
Funneliformis.coronatum	A..excavata	0.721186989858717	0.00161662884203206
Densidad.de.esporas.total	A..excavata	0.713586600781499	0.00190817192431902
X100..TBSA.10Me18.0	A..excavata	0.798122733857289	0.00021085874131499
Rhizobium	A..excavata	0.864541029978588	1.55674120789762e-05
Methylosinus	A..excavata	0.765148968393957	0.000553049283469331
Steroidobacter	A..excavata	0.74534442360387	0.000920203357305471
Burkholderia	A..excavata	0.778073726863685	0.000386261728615889
Kaistia	A..excavata	0.862849155322308	1.69009675405896e-05
Dyella	A..excavata	0.862849155322308	1.69009675405896e-05
Kineosporia	A..excavata	0.862849155322308	1.69009675405896e-05
C..etunicatum	A..mellea	0.960241780236926	3.78995657079884e-09
Sclerocystis.sp..1	A..mellea	0.957259871291629	6.23791951426256e-09
Riqueza	A..mellea	0.770030781186512	0.000484211980689597
Actinomadura	A..mellea	0.978757078527494	4.94897456349008e-11
Laribacter	A..mellea	0.978757078527494	4.94897456349008e-11
Pe.1	A..mellea	0.749718916187831	0.000825561186208912
Lysobacter	A..mellea	0.848058347170141	3.32173633501576e-05
X045..15.0.ISO	A..rehmii	0.78390683755995	0.000325980458792507
Streptosporangium	A..rehmii	0.794895502929066	0.000233454808534317
G..gigantea	A..scrobiculata	0.772731315033027	0.00044927351063162
Glomus.sp..1	A..scrobiculata	0.709808261697599	0.00206822630365311
Anaeromyxobacter	A..scrobiculata	0.870439516440205	1.15869843242411e-05
Deinococcus	A..scrobiculata	0.755443857853544	0.000713903726382803
Cellvibrio	A..scrobiculata	0.779900092132483	0.000366473172637161
Blastococcus	A..scrobiculata	0.870439516440205	1.15869843242411e-05
Microtetraspora	A..scrobiculata	0.870439516440205	1.15869843242411e-05
Acinetobacter	A..scrobiculata	0.870439516440205	1.15869843242411e-05
Sphaerisporangium	A..scrobiculata	0.870439516440205	1.15869843242411e-05
X032..14.0.ISO	A..spinosa	0.703808933693421	0.00234461137015485
X078..17.1.w8c	A..spinosa	0.913622417801945	7.63702494577245e-07
Clostridium	A..spinosa	0.791377130087521	0.000260339077493121
Knoellia	A..spinosa	0.939636472256784	6.66953166028605e-08
Act.Nitrificante	A..spinosa	0.916964941570788	5.84644491929964e-07
Fermentadores	A..spinosa	0.752023286852766	0.000779012338712581
X010..10.0.2OH	Ambispora.leptoticha	0.705364948719512	0.00227021161778218
X064..16.0	Ambispora.leptoticha	0.783607642050615	0.000328870307779283
Chromohalobacter	Ambispora.leptoticha	0.863355091754865	1.64924998491411e-05
Herpetosiphon	Ambispora.leptoticha	0.996697089939052	0
Actinoplanes	Ambispora.leptoticha	0.996697089939052	0
Cytophaga	Ambispora.leptoticha	0.996697089939052	0
Hydrocarboniphaga	Ambispora.leptoticha	0.996697089939052	0
Pandoraea	Ambispora.leptoticha	0.996697089939052	0
Glomus.sp..1	Archaeospora.trappei	0.84099778516301	4.47577019708767e-05
X063..16.1.w5c	Archaeospora.trappei	0.79993783166859	0.000198968163974467
Roseomonas	Archaeospora.trappei	0.747900290700234	0.00086388698793316
Streptosporangium	Archaeospora.trappei	0.706866391316882	0.00220024639016136
Sclerocystis.sp..1	C..etunicatum	0.987347557094886	1.34603439505554e-12
Scutellospora.biornata	C..etunicatum	0.711571395420512	0.00199223515001856
Riqueza	C..etunicatum	0.869205827531832	1.23395016915495e-05
Actinomadura	C..etunicatum	0.981640159409958	1.79642967168547e-11
Laribacter	C..etunicatum	0.981640159409958	1.79642967168547e-11
Pe.1	C..etunicatum	0.714412113280876	0.0018745789969139
Lysobacter	C..etunicatum	0.865888649273043	1.45694974613697e-05
Rhizophagus.clarus	C..luteum	0.714145770805105	0.00188536445371068
Scutellospora.biornata	C..luteum	0.706221739436238	0.0022300689327408
X042..15.1.ISO.G	C..luteum	0.969229197494845	6.45670183985203e-10
X045..15.0.ISO	C..luteum	0.711490394086044	0.00199567589019578
X083..17.0	C..luteum	0.913472570425775	7.72710050389591e-07
X096..18.0	C..luteum	0.904835972940459	1.4690336440637e-06
X106..19.0.CYCLO.w8c	C..luteum	0.829317741857115	7.11396363959338e-05
Nitrosospira	C..luteum	0.711451613168846	0.00199732491626659
Paludibaculum	C..luteum	0.776769766675151	0.000400923024126865
Funneliformis.coronatum	Entrophospora.infrequens	0.893554603880483	3.12038494421074e-06
Densidad.de.esporas.total	Entrophospora.infrequens	0.91043345910644	9.75818776449699e-07
X100..TBSA.10Me18.0	Entrophospora.infrequens	0.947845195561338	2.45079911920243e-08
Balneimonas	Entrophospora.infrequens	0.852816995411588	2.69401713399731e-05
Skermanella	Entrophospora.infrequens	0.799648785615698	0.000200823534231009
Rhizobium	Entrophospora.infrequens	0.817527052730408	0.000109830561964674
Methylosinus	Entrophospora.infrequens	0.887902058737815	4.41331257583499e-06
Burkholderia	Entrophospora.infrequens	0.767097882886191	0.000524662173040813
Micromonospora	Entrophospora.infrequens	0.766643313880785	0.00053117346845255
Iamia	Entrophospora.infrequens	0.704217978059374	0.00232486458714365
Kaistia	Entrophospora.infrequens	0.976628239314908	9.60298507379775e-11
Dyella	Entrophospora.infrequens	0.976628239314908	9.60298507379775e-11
Kineosporia	Entrophospora.infrequens	0.976628239314908	9.60298507379775e-11
QuimioAutotrofos	Entrophospora.infrequens	0.817581354601846	0.000109618824549962
F..geosporus	Septoglomus.constrictum	0.829313108684672	7.11522265504083e-05
Inquilinus	Septoglomus.constrictum	0.823526617435442	8.84004940748806e-05
Arhodomonas	Septoglomus.constrictum	0.823526617435442	8.84004940748806e-05
Densidad.de.esporas.total	Funneliformis.coronatum	0.780743851413943	0.000357618128330683
X100..TBSA.10Me18.0	Funneliformis.coronatum	0.936953463884616	8.97770418006871e-08
Balneimonas	Funneliformis.coronatum	0.848233796825463	3.29659534212823e-05
Skermanella	Funneliformis.coronatum	0.74520863859377	0.000923277376415843
Bosea	Funneliformis.coronatum	0.715863571603291	0.00181667993311363
Methylosinus	Funneliformis.coronatum	0.749504741543618	0.000830000918506268
Burkholderia	Funneliformis.coronatum	0.701104617745278	0.00247860901427188
Raoultella	Funneliformis.coronatum	0.738907149613151	0.00107548044861638
Kaistia	Funneliformis.coronatum	0.929935826320526	1.84411883541458e-07
Dyella	Funneliformis.coronatum	0.929935826320526	1.84411883541458e-07
Kineosporia	Funneliformis.coronatum	0.929935826320526	1.84411883541458e-07
QuimioAutotrofos	Funneliformis.coronatum	0.75210196690556	0.000777461845805849
pH.1	Funneliformis.coronatum	-0.763736360379424	0.000574405079301954
Inquilinus	F..geosporus	0.998993726566813	0
Micromonospora	F..geosporus	0.70244015698476	0.0024116799708902
Arhodomonas	F..geosporus	0.998993726566813	0
Humedad_Vol_aut	F..geosporus	0.770397952822091	0.00047933424937785
X071..15.0.3OH	F..mosseae	0.774094609537547	0.000432441784847803
X097..11.methyl.18.1.w7c	F..mosseae	0.748590421749019	0.00084917508207849
Nitrospira	F..mosseae	0.850559422111311	2.97811036411577e-05
Acidimicrobium	F..mosseae	0.703842506700716	0.00234298551935019
Desulfospira	F..mosseae	0.733657731075016	0.00121740735437958
G..margarita	Gigaspora.decipiens	0.967629265706768	9.16767994851853e-10
Glomus.brohultii	G..gigantea	0.830991164447884	6.67121843944685e-05
Anaeromyxobacter	G..gigantea	0.841364260547272	4.40858156400825e-05
Cellvibrio	G..gigantea	0.956201300171755	7.38226058061286e-09
Blastococcus	G..gigantea	0.841364260547272	4.40858156400825e-05
Microtetraspora	G..gigantea	0.841364260547272	4.40858156400825e-05
Acinetobacter	G..gigantea	0.841364260547272	4.40858156400825e-05
Sphaerisporangium	G..gigantea	0.841364260547272	4.40858156400825e-05
Aerobios	G..gigantea	0.701576854237991	0.0024547737761762
Anaerobios	G..gigantea	0.795917270132754	0.000226093646495951
FdCPolypeptona	G..gigantea	0.780568783901249	0.000359440733492811
Nordella	G..gigantea	0.740068610216828	0.00104598445334059
Reyranella	G..gigantea	0.701306175989617	0.00246841293749167
Pacispora.boliviana	G..rosea	0.912644887220439	8.24101300533897e-07
Pacispora.sp..1	G..rosea	0.978797714135774	4.88360463180015e-11
X115..20.1.w9c	G..rosea	0.73754681998285	0.00958193710546884
Rhodanobacter	G..rosea	0.732393901977072	0.00125376514445219
Legionella	G..rosea	0.876018052973272	8.64710794390433e-06
Limisphaera	G..rosea	0.744648100827472	0.000936056485626002
Pedomicrobium	G..aggregatum	-0.70472063028742	0.00230078358057439
Prevotella	G..aggregatum	-0.722422844975698	0.00157285344117408
Anaeromyxobacter	Glomus.brohultii	0.7729247008205	0.000446853548602633
Cellvibrio	Glomus.brohultii	0.835721122282638	5.54226778093359e-05
Blastococcus	Glomus.brohultii	0.7729247008205	0.000446853548602633
Microtetraspora	Glomus.brohultii	0.7729247008205	0.000446853548602633
Acinetobacter	Glomus.brohultii	0.7729247008205	0.000446853548602633
Sphaerisporangium	Glomus.brohultii	0.7729247008205	0.000446853548602633
Reyranella	Glomus.brohultii	0.839233095158787	4.81141985635425e-05
Glomus.sp..2	G..fuegianum	0.762041556709311	0.000600917810533286
X063..16.1.w5c	Glomus.sp..1	0.758686490295553	0.000656374907372026
Roseomonas	Glomus.sp..1	0.743541293765741	0.000961714921320578
Anaeromyxobacter	Glomus.sp..1	0.726113794227185	0.00144782610661198
Blastococcus	Glomus.sp..1	0.726113794227185	0.00144782610661198
Microtetraspora	Glomus.sp..1	0.726113794227185	0.00144782610661198
Acinetobacter	Glomus.sp..1	0.726113794227185	0.00144782610661198
Sphaerisporangium	Glomus.sp..1	0.726113794227185	0.00144782610661198
X078..17.1.w8c	Glomus.sp..2	0.722516133550033	0.00156958863421663
Iamia	Glomus.sp..2	0.727030948423435	0.00141805021527119
Knoellia	Glomus.sp..2	0.7418672539411	0.00100161503298013
Clostridium	Glomus.sp..3	0.769325814326993	0.000493691859382306
Knoellia	Glomus.sp..3	0.703540756788215	0.00235763129293787
Prevotella	Glomus.sp..3	0.728505189493722	0.00137123562568586
Pacispora.sp..1	Pacispora.boliviana	0.880570418835518	6.73907711901123e-06
X115..20.1.w9c	Pacispora.boliviana	0.705460412147052	0.0152979340705159
Legionella	Pacispora.boliviana	0.81443809536237	0.00012244908087844
X115..20.1.w9c	Pacispora.sp..1	0.708741437151856	0.0146226870285613
Rhodanobacter	Pacispora.sp..1	0.717989059828089	0.00173452373494642
Legionella	Pacispora.sp..1	0.877726828801425	7.88367803550294e-06
Scutellospora.biornata	Rhizophagus.clarus	0.767952531817943	0.000512598010255827
Cetraspora.pellucida	Rhizophagus.clarus	0.808247277200914	0.000151388754523474
X042..15.1.ISO.G	Rhizophagus.clarus	0.711133909104501	0.00201087588912019
X083..17.0	Rhizophagus.clarus	0.811914458278913	0.00013363290141255
X096..18.0	Rhizophagus.clarus	0.75908831084834	0.00064951945337155
Sclerocystis.sinuosum	R...intraradices	1	0
CandidatusProtochlamydia	R...intraradices	0.779221168053406	0.000373729084280683
Terriglobus	R...intraradices	0.868243142124459	1.29548743881269e-05
Brevundimonas	R...intraradices	0.888634548902049	4.22385244114309e-06
Dehalococcoides	R...intraradices	1	0
Agromyces	R...intraradices	1	0
Saccharophagus	R...intraradices	1	0
Temp_aire	R...intraradices	0.867969372912627	1.31345116951564e-05
CandidatusProtochlamydia	Sclerocystis.sinuosum	0.779221168053406	0.000373729084280683
Terriglobus	Sclerocystis.sinuosum	0.868243142124459	1.29548743881269e-05
Brevundimonas	Sclerocystis.sinuosum	0.888634548902049	4.22385244114309e-06
Dehalococcoides	Sclerocystis.sinuosum	1	0
Agromyces	Sclerocystis.sinuosum	1	0
Saccharophagus	Sclerocystis.sinuosum	1	0
Temp_aire	Sclerocystis.sinuosum	0.867969372912627	1.31345116951564e-05
Scutellospora.biornata	Sclerocystis.sp..1	0.758024563710933	0.000667797622570188
Cetraspora.pellucida	Sclerocystis.sp..1	0.720333750117795	0.00164742626480763
Riqueza	Sclerocystis.sp..1	0.889630545371625	3.97727691536787e-06
Actinomadura	Sclerocystis.sp..1	0.983553080014073	8.35820301858803e-12
Laribacter	Sclerocystis.sp..1	0.983553080014073	8.35820301858803e-12
Pe.1	Sclerocystis.sp..1	0.70677359845195	0.00220451909027553
Lysobacter	Sclerocystis.sp..1	0.847041414814827	3.47064179362366e-05
Cetraspora.pellucida	Scutellospora.biornata	0.969257915847227	6.41512620802587e-10
Riqueza	Scutellospora.biornata	0.891768697326745	3.4886934681122e-06
X042..15.1.ISO.G	Scutellospora.biornata	0.705602615125153	0.00225901816053931
Paludibaculum	Scutellospora.biornata	0.702851860835417	0.00239134564586951
X063..16.1.w5c	S..calospora	0.780418629577256	0.000361010076639801
X093..18.1.w7c	S..calospora	0.747697558888932	0.00086824820720377
X056..16.1.ISO.H	S..dipapillosa	0.869297207934039	1.22823886812284e-05
X072..ANTEISO.17.1.w9c	S..dipapillosa	0.754807513965761	0.00072566511201666
X081..17.0.CYCLO	S..dipapillosa	0.798525906312218	0.000208167967914674
X084..16.1.2OH	S..dipapillosa	0.909904324935896	1.01543098729451e-06
Azospirillum	S..dipapillosa	0.704475128223086	0.00231251968783508
Rhodospirillum	S..dipapillosa	0.936972506453216	8.95919942678347e-08
Geodermatophilus	S..dipapillosa	0.936972506453216	8.95919942678347e-08
Luteibacter	S..dipapillosa	0.936972506453216	8.95919942678347e-08
Rickettsia	S..dipapillosa	0.936972506453216	8.95919942678347e-08
Rhodobium	S..dipapillosa	0.936972506453216	8.95919942678347e-08
Marinibacillus	S..dipapillosa	0.936972506453216	8.95919942678347e-08
Sphingosinicella	S..dipapillosa	0.936972506453216	8.95919942678347e-08
Telmatospirillum	S..dipapillosa	0.936972506453216	8.95919942678347e-08
Diversidad..1	S..rubra	0.796907678858382	0.000219143039912328
X075..17.0.ISO	S..rubra	0.777553648032464	0.000392055321348561
X091..18.0iso	S..rubra	0.754504917420764	0.00073131347371036
Bdellovibrio	S..rubra	0.782220348331394	0.000342548009743204
Nitrospira	S..rubra	0.74961191568181	0.000827776812105441
Lutibacterium	S..rubra	0.988262394547638	7.98028310100563e-13
X064..16.0	Scutellospora.sp..1	0.799562871988759	0.000201377767206523
X087..17.0.10.methyl	Scutellospora.sp..1	0.853740843927066	2.58450215580019e-05
Aquamonas	Scutellospora.sp..1	0.859209700127656	2.00973287702855e-05
Ammoniphilus	Scutellospora.sp..1	0.859209700127656	2.00973287702855e-05
AerobiosObligados	Scutellospora.sp..1	0.703647522841385	0.00235244082937691
Bdellovibrio	Racocetra.fulgida	0.752694438837582	0.000765867538087939
X036..14.0	Dentiscutata.heterogama	0.730725629225036	0.0013031105444643
X060..16.0.ANTEISO	Dentiscutata.heterogama	0.774347507746605	0.000429377362747285
Riqueza	Cetraspora.pellucida	0.846251761543923	3.59008647663472e-05
X083..17.0	Cetraspora.pellucida	0.724930736346808	0.00148698532266245
COT.1	Cetraspora.pellucida	0.711901609501948	0.00197825825215769
X075..17.0.ISO	Diversidad..1	0.840763678572134	4.51913730938891e-05
Nitrospira	Diversidad..1	0.803146252007261	0.000179310575347813
Lutibacterium	Diversidad..1	0.753904949408646	0.000742619412273715
Actinomadura	Riqueza	0.814852767523606	0.00012068818862776
Laribacter	Riqueza	0.814852767523606	0.00012068818862776
Lysobacter	Riqueza	0.719382280288343	0.00168233058255218
X058..16.0.ISO	Equitatividad..1	0.830177531143042	6.88352020232763e-05
X093..18.1.w7c	Equitatividad..1	0.741092956129148	0.00102052285818521
Streptosporangium	Equitatividad..1	0.911173738094728	9.22600061459278e-07
X100..TBSA.10Me18.0	Densidad.de.esporas.total	0.839721533522619	4.71647875281977e-05
Balneimonas	Densidad.de.esporas.total	0.8051482163233	0.000167882727927449
Rhizobium	Densidad.de.esporas.total	0.756120973607061	0.000701561119071936
Methylosinus	Densidad.de.esporas.total	0.741224718209486	0.0010172848621397
Micromonospora	Densidad.de.esporas.total	0.950224374066283	1.77882646390515e-08
Iamia	Densidad.de.esporas.total	0.741224718209486	0.0010172848621397
Kaistia	Densidad.de.esporas.total	0.866105151142967	1.44143042273281e-05
Dyella	Densidad.de.esporas.total	0.866105151142967	1.44143042273281e-05
Kineosporia	Densidad.de.esporas.total	0.866105151142967	1.44143042273281e-05
Humedad_Vol_aut	Densidad.de.esporas.total	0.752441346317194	0.000770802917034574
X036..14.0	X010..10.0.2OH	0.746408819774799	0.000896395840683351
X046..15.0.ANTEISO	X010..10.0.2OH	0.733702767470156	0.00121612781613867
Herpetosiphon	X010..10.0.2OH	0.711525577854768	0.00199418077694347
Actinoplanes	X010..10.0.2OH	0.711525577854768	0.00199418077694347
Cytophaga	X010..10.0.2OH	0.711525577854768	0.00199418077694347
Hydrocarboniphaga	X010..10.0.2OH	0.711525577854768	0.00199418077694347
Pandoraea	X010..10.0.2OH	0.711525577854768	0.00199418077694347
Knoellia	X032..14.0.ISO	0.717102233258526	0.00176842663278087
Fermentadores	X032..14.0.ISO	0.739611826796274	0.00105750475810673
X045..15.0.ISO	X042..15.1.ISO.G	0.787689549921723	0.000291217660756349
X083..17.0	X042..15.1.ISO.G	0.919639192103247	4.68299184319676e-07
X096..18.0	X042..15.1.ISO.G	0.902584955248506	1.71963048511969e-06
X106..19.0.CYCLO.w8c	X042..15.1.ISO.G	0.821713297111681	9.44731570795554e-05
Paludibaculum	X042..15.1.ISO.G	0.721442263776549	0.00160750645031715
Nitrosospira	X045..15.0.ISO	0.797030529929242	0.000218293368682065
Chromohalobacter	X046..15.0.ANTEISO	0.727898467712165	0.00139034703255314
Pe.1	X046..15.0.ANTEISO	0.797250375710309	0.000216779672153056
Pedomicrobium	X051..15.0	0.717743990147495	0.00174383930485855
X072..ANTEISO.17.1.w9c	X056..16.1.ISO.H	0.935366989044935	1.0638030145671e-07
X084..16.1.2OH	X056..16.1.ISO.H	0.797549942694506	0.00021473108965897
X091..18.0iso	X056..16.1.ISO.H	0.791504562176554	0.000259322536966256
X103..19.0.ISO	X056..16.1.ISO.H	0.74570669624473	0.000912042910622635
Bdellovibrio	X056..16.1.ISO.H	0.722003392442071	0.0015876013600078
Rhodospirillum	X056..16.1.ISO.H	0.831982278585978	6.42001750421617e-05
Geodermatophilus	X056..16.1.ISO.H	0.831982278585978	6.42001750421617e-05
Luteibacter	X056..16.1.ISO.H	0.831982278585978	6.42001750421617e-05
Rickettsia	X056..16.1.ISO.H	0.831982278585978	6.42001750421617e-05
Rhodobium	X056..16.1.ISO.H	0.831982278585978	6.42001750421617e-05
Marinibacillus	X056..16.1.ISO.H	0.831982278585978	6.42001750421617e-05
Sphingosinicella	X056..16.1.ISO.H	0.831982278585978	6.42001750421617e-05
Telmatospirillum	X056..16.1.ISO.H	0.831982278585978	6.42001750421617e-05
X063..16.1.w5c	X058..16.0.ISO	0.737369296615085	0.00111557829995235
Streptosporangium	X058..16.0.ISO	0.848986845553261	3.19048952772683e-05
X087..17.0.10.methyl	X060..16.0.ANTEISO	0.719204105546748	0.00168893324325192
Lysobacter	X060..16.0.ANTEISO	0.81845307952763	0.000106265974030073
X071..15.0.3OH	X062..16.1.w9c	0.745034250779677	0.000927237651858981
X076..17.0.ANTEISO	X062..16.1.w9c	0.905464409326137	1.40486367761206e-06
X092..18.1.w9c	X062..16.1.w9c	0.714330952145384	0.00187786026816594
Chelatococcus	X062..16.1.w9c	0.802467014957282	0.000183331540068554
Labrys	X062..16.1.w9c	0.845704048228376	3.67494028989945e-05
Alicyclobacillus	X062..16.1.w9c	0.717542813286399	0.00175151679480212
Calditerricola	X062..16.1.w9c	0.831729571692882	6.48330395203178e-05
Modestobacter	X062..16.1.w9c	0.735617561353163	0.00116273324214955
Roseomonas	X063..16.1.w5c	0.791270691320539	0.000261190678540801
Hyphomicrobium	X064..16.0	0.756085545750904	0.000702202530253215
Herpetosiphon	X064..16.0	0.786140261217343	0.000305064488185902
Actinoplanes	X064..16.0	0.786140261217343	0.000305064488185902
Cytophaga	X064..16.0	0.786140261217343	0.000305064488185902
Hydrocarboniphaga	X064..16.0	0.786140261217343	0.000305064488185902
Pandoraea	X064..16.0	0.786140261217343	0.000305064488185902
X093..18.1.w7c	X069..16.0.10.methyl	0.92440695536202	3.09169764456385e-07
Streptosporangium	X069..16.0.10.methyl	0.817540000525021	0.000109780044187602
Aliidongia	X069..16.0.10.methyl	0.808304675486141	0.0001510964726954
X076..17.0.ANTEISO	X071..15.0.3OH	0.71151540125424	0.00199461313201077
Nitrospira	X071..15.0.3OH	0.93011361002293	1.81248180464166e-07
Calditerricola	X071..15.0.3OH	0.863171397863505	1.66398354921604e-05
Modestobacter	X071..15.0.3OH	0.748012693883636	0.00086147668926051
X091..18.0iso	X072..ANTEISO.17.1.w9c	0.871749185279818	1.08307267587815e-05
Bdellovibrio	X072..ANTEISO.17.1.w9c	0.822276271756057	9.25517138372633e-05
Lutibacterium	X075..17.0.ISO	0.744206918844581	0.000946216081106233
X092..18.1.w9c	X076..17.0.ANTEISO	0.786200173291325	0.000304519087109822
Chelatococcus	X076..17.0.ANTEISO	0.832070114124004	6.39814164222763e-05
Labrys	X076..17.0.ANTEISO	0.711629930241754	0.00198975173153393
Calditerricola	X076..17.0.ANTEISO	0.732828853424888	0.00124115379359013
Clostridium	X078..17.1.w8c	0.853677324964954	2.59191035190121e-05
Knoellia	X078..17.1.w8c	0.986103293236087	2.58726373658646e-12
Act.Nitrificante	X078..17.1.w8c	0.866272807637063	1.42950808315057e-05
Fermentadores	X078..17.1.w8c	0.717295786546308	0.00176098162048843
X084..16.1.2OH	X081..17.0.CYCLO	0.708193435109498	0.00213987291325113
Rhodospirillum	X081..17.0.CYCLO	0.740579998492576	0.00103320899543702
Geodermatophilus	X081..17.0.CYCLO	0.740579998492576	0.00103320899543702
Luteibacter	X081..17.0.CYCLO	0.740579998492576	0.00103320899543702
Rickettsia	X081..17.0.CYCLO	0.740579998492576	0.00103320899543702
Rhodobium	X081..17.0.CYCLO	0.740579998492576	0.00103320899543702
Marinibacillus	X081..17.0.CYCLO	0.740579998492576	0.00103320899543702
Sphingosinicella	X081..17.0.CYCLO	0.740579998492576	0.00103320899543702
Telmatospirillum	X081..17.0.CYCLO	0.740579998492576	0.00103320899543702
X096..18.0	X083..17.0	0.906298657013269	1.32335336422429e-06
X106..19.0.CYCLO.w8c	X083..17.0	0.787943353684753	0.000288999659332934
Paludibaculum	X083..17.0	0.722353396991091	0.00157528749090696
Rhodospirillum	X084..16.1.2OH	0.977325786013956	7.78208608664954e-11
Geodermatophilus	X084..16.1.2OH	0.977325786013956	7.78208608664954e-11
Luteibacter	X084..16.1.2OH	0.977325786013956	7.78208608664954e-11
Rickettsia	X084..16.1.2OH	0.977325786013956	7.78208608664954e-11
Rhodobium	X084..16.1.2OH	0.977325786013956	7.78208608664954e-11
Marinibacillus	X084..16.1.2OH	0.977325786013956	7.78208608664954e-11
Sphingosinicella	X084..16.1.2OH	0.977325786013956	7.78208608664954e-11
Telmatospirillum	X084..16.1.2OH	0.977325786013956	7.78208608664954e-11
Aquamonas	X087..17.0.10.methyl	0.998268504050168	0
Ammoniphilus	X087..17.0.10.methyl	0.998268504050168	0
AerobiosObligados	X087..17.0.10.methyl	0.723155136792248	0.00154737356286172
AnaerobiosFacultativos	X087..17.0.10.methyl	0.728074643390034	0.00138477535662296
Bdellovibrio	X091..18.0iso	0.799769374366234	0.000200047745024801
Lutibacterium	X091..18.0iso	0.76484257198117	0.00055762496494749
Arenimicrobium	X091..18.0iso	0.755664648296949	0.000709859677512803
Streptosporangium	X093..18.1.w7c	0.861553099482787	1.79862738867165e-05
X106..19.0.CYCLO.w8c	X096..18.0	0.745683781938455	0.000912557309014295
Paludibaculum	X096..18.0	0.707608700382944	0.00216630744886359
Acidimicrobium	X097..11.methyl.18.1.w7c	0.942556272349467	4.75095163210426e-08
Balneimonas	X100..TBSA.10Me18.0	0.855708971578411	2.36359278691367e-05
Skermanella	X100..TBSA.10Me18.0	0.818213828738201	0.000107177565824124
Rhizobium	X100..TBSA.10Me18.0	0.784357298474677	0.00032166919115717
Methylosinus	X100..TBSA.10Me18.0	0.821807682471838	9.41487191026269e-05
Burkholderia	X100..TBSA.10Me18.0	0.765061316523346	0.000554355096965553
Kaistia	X100..TBSA.10Me18.0	0.979044296534892	4.5025760897488e-11
Dyella	X100..TBSA.10Me18.0	0.979044296534892	4.5025760897488e-11
Kineosporia	X100..TBSA.10Me18.0	0.979044296534892	4.5025760897488e-11
QuimioAutotrofos	X100..TBSA.10Me18.0	0.817202615052552	0.000111102737741176
Paludibaculum	X106..19.0.CYCLO.w8c	0.7857173764926	0.000308937180709679
Aquicella	X115..20.1.w9c	0.907573765949077	0.000113502562980594
Gemmatimonas	X115..20.1.w9c	0.77347202890008	0.005227868490427
Limisphaera	X115..20.1.w9c	0.819675401499183	0.0020118449941493
CandidatusSolibacter	unclassified	-0.714766883953256	0.00186029057514703
Gemmatirosa	unclassified	0.744954297736813	0.00092905799825127
Heliobacterium	unclassified	0.8889430360673	4.14614049271123e-06
Modestobacter	unclassified	0.806492792358021	0.00016055232163481
H.Aerobicos	MC18	0.843401419081069	4.05027629251098e-05
CandidatusEntotheonella	CandidatusSolibacter	-0.757791384653855	0.000671860231219235
Acidisoma	CandidatusSolibacter	0.780175092532008	0.000363567443396162
Aerobios	CandidatusSolibacter	0.730864725081637	0.00129893665697645
Arenimicrobium	CandidatusSolibacter	-0.773117874454264	0.000444446981524571
Gemmatirosa	CandidatusSolibacter	-0.768154237503474	0.000509784332969554
Heliobacterium	CandidatusSolibacter	-0.839593232122449	4.74126453013923e-05
Luteitalea	CandidatusSolibacter	-0.816926804957441	0.000112193860976495
Geobacter	CandidatusEntotheonella	0.733012620110955	0.00123585672573379
Limisphaera	CandidatusEntotheonella	-0.780585547269005	0.000359265880780946
Devosia	Acidisoma	0.757109715896933	0.000683853350702091
Sphingobium	Acidisoma	0.755378311773223	0.000715107918477731
Aerobios	Acidisoma	0.833139075015865	6.13686024550919e-05
FdCPolypeptona	Acidisoma	0.713788062595862	0.00189992900234337
O.Metano	Acidisoma	0.81225644259259	0.000132069403105506
Gemmatirosa	Acidisoma	-0.715048327976748	0.00184901844787166
Luteitalea	Acidisoma	-0.871176056537033	1.11563986040508e-05
Skermanella	Balneimonas	0.752053598929929	0.000778414699623475
Burkholderia	Balneimonas	0.740822815391126	0.0010271878205228
Raoultella	Balneimonas	0.720088515728682	0.00165636570070316
Kaistia	Balneimonas	0.874024775596979	9.615365154092e-06
Dyella	Balneimonas	0.874024775596979	9.615365154092e-06
Kineosporia	Balneimonas	0.874024775596979	9.615365154092e-06
QuimioAutotrofos	Balneimonas	0.705678899311661	0.00225543487538138
Marmoricola	Pimelobacter	0.740055580665193	0.00104631163655111
Raoultella	Pimelobacter	0.778321975295035	0.000383521307161683
Actinospica	Pimelobacter	0.750660023855169	0.00080628261901361
Couchioplanes	Pimelobacter	0.89621595407528	2.6327005788751e-06
Coxiella	Pimelobacter	0.750660023855169	0.00080628261901361
Solibacillus	Pimelobacter	0.750660023855169	0.00080628261901361
pH.1	Pimelobacter	-0.741110129400327	0.00102010035519973
Rhodanobacter	Pseudomonas	0.796509700793081	0.000221914412728896
Flavobacterium	Pseudomonas	0.776425707606738	0.000404867137030696
Asticcacaulis	Pseudomonas	0.796858131690771	0.000219486496420895
Stenotrophomonas	Pseudomonas	0.749132728010251	0.000837759098937241
Rickettsiella	Pseudomonas	0.889297291799888	4.05838991301977e-06
Geothrix	Pseudomonas	0.889297291799888	4.05838991301977e-06
Archangium	Pseudomonas	0.889297291799888	4.05838991301977e-06
Caulobacter	Marmoricola	0.754376197485327	0.000733727116930094
Raoultella	Marmoricola	0.862457545087176	1.72229362862542e-05
Couchioplanes	Marmoricola	0.814125501013305	0.000123790587917672
pH.1	Marmoricola	-0.840238911805235	4.61762594623494e-05
Paenibacillus	Pedomicrobium	0.701568351477732	0.00245520129019683
Anaerobios	Pedomicrobium	-0.706531360832263	0.00221570476793032
No	Pedomicrobium	0.701568351477732	0.00245520129019683
Gemmatirosa	Pedomicrobium	0.812885200501176	0.000129234510499732
Heliobacterium	Pedomicrobium	0.815671957778092	0.000117271408286879
Solirubrobacter	Prosthecobacter	0.78995314672832	0.000271924565561354
Methylosinus	Skermanella	0.749240329130135	0.00083550903876084
Kaistia	Skermanella	0.839536659673067	4.75222796785246e-05
Dyella	Skermanella	0.839536659673067	4.75222796785246e-05
Kineosporia	Skermanella	0.839536659673067	4.75222796785246e-05
QuimioAutotrofos	Skermanella	0.777028689885811	0.000397975820728647
Caldilinea	Rhodanobacter	0.70797145134322	0.00214987731333105
Acidisphaera	Rhodanobacter	0.723987922691978	0.00151880657903436
Flavobacterium	Rhodanobacter	0.731443308002835	0.00128169185607252
Asticcacaulis	Rhodanobacter	0.859533219958849	1.9794081834501e-05
Stenotrophomonas	Rhodanobacter	0.817903535989925	0.00010836953112503
Rickettsiella	Rhodanobacter	0.927992615751661	2.22165096097626e-07
Geothrix	Rhodanobacter	0.927992615751661	2.22165096097626e-07
Archangium	Rhodanobacter	0.927992615751661	2.22165096097626e-07
Brevundimonas	CandidatusProtochlamydia	0.780605336197422	0.000359059559950747
Dehalococcoides	CandidatusProtochlamydia	0.779221168053406	0.000373729084280683
Agromyces	CandidatusProtochlamydia	0.779221168053406	0.000373729084280683
Saccharophagus	CandidatusProtochlamydia	0.779221168053406	0.000373729084280683
Acidobacterium	CandidatusProtochlamydia	0.803396508708404	0.000177847678989984
Sphingobium	Devosia	0.7017462383025	0.00244626978994411
Aliidongia	Chthonomonas	0.722420627462547	0.0015729311143915
Methylosinus	Rhizobium	0.706098788113603	0.0022357938699864
Burkholderia	Rhizobium	0.732467020764714	0.00125163779286952
Kaistia	Rhizobium	0.813250060790444	0.000127612795094656
Dyella	Rhizobium	0.813250060790444	0.000127612795094656
Kineosporia	Rhizobium	0.813250060790444	0.000127612795094656
Bosea	Caulobacter	0.725112539563503	0.00148091215182977
Couchioplanes	Caulobacter	0.707756773391067	0.00215958850097531
pH.1	Caulobacter	-0.723932208760058	0.00152070421935591
Labrys	Chelatococcus	0.70563862312983	0.00225732618769858
Alicyclobacillus	Chelatococcus	0.757936728959867	0.000669325564742307
Brevundimonas	Terriglobus	0.893174632712712	3.19586383534798e-06
Dehalococcoides	Terriglobus	0.868243142124459	1.29548743881269e-05
Agromyces	Terriglobus	0.868243142124459	1.29548743881269e-05
Saccharophagus	Terriglobus	0.868243142124459	1.29548743881269e-05
Temp_aire	Terriglobus	0.775565092939825	0.000414873182477349
Deinococcus	Aeromicrobium	0.718184846459608	0.00172711062455688
Raoultella	Aeromicrobium	0.70047279691578	0.00251079159390732
pH.1	Aeromicrobium	-0.773660799998346	0.000437740349702231
Sphingobium	Bosea	0.737115027011865	0.00112232430096793
Actinospica	CandidatusXiphinematobacter	0.894427190999916	2.95272767036892e-06
Couchioplanes	CandidatusXiphinematobacter	0.753707580810285	0.000746369879328856
Coxiella	CandidatusXiphinematobacter	0.894427190999916	2.95272767036892e-06
Solibacillus	CandidatusXiphinematobacter	0.894427190999916	2.95272767036892e-06
Nitrobacter	Legionella	0.779964693755344	0.000365788856778293
Corallococcus	Legionella	0.779964693755344	0.000365788856778293
Knoellia	Clostridium	0.839536659673067	4.75222796785246e-05
Act.Nitrificante	Clostridium	0.705884306948883	0.00224580919068673
Sulfobacillus	Clostridium	0.763338656528346	0.000580538433071043
Cavicella	Caldilinea	0.747903593484943	0.000863816086497327
Deinococcus	Anaeromyxobacter	0.808290376865476	0.0001511692398104
Mycobacterium	Anaeromyxobacter	0.74740931868366	0.000874479956253893
Cellvibrio	Anaeromyxobacter	0.868243142124459	1.29548743881269e-05
Blastococcus	Anaeromyxobacter	1	0
Microtetraspora	Anaeromyxobacter	1	0
Acinetobacter	Anaeromyxobacter	1	0
Sphaerisporangium	Anaeromyxobacter	1	0
Nordella	Anaeromyxobacter	0.740844250952488	0.00102665766101939
Reyranella	Anaeromyxobacter	0.73148086363783	0.00128057899211598
Lutibacterium	Bdellovibrio	0.808290376865476	0.0001511692398104
Herpetosiphon	Chromohalobacter	0.868243142124459	1.29548743881269e-05
Actinoplanes	Chromohalobacter	0.868243142124459	1.29548743881269e-05
Cytophaga	Chromohalobacter	0.868243142124459	1.29548743881269e-05
Hydrocarboniphaga	Chromohalobacter	0.868243142124459	1.29548743881269e-05
Pandoraea	Chromohalobacter	0.868243142124459	1.29548743881269e-05
Alicyclobacillus	Labrys	0.778376529042571	0.000382921243215373
Paenibacillus	Labrys	0.749363311662726	0.000832943406149145
No	Labrys	0.749363311662726	0.000832943406149145
Blastochloris	Massilia	0.717182702455976	0.00176532828948295
Rhodopseudomonas	Massilia	0.737430941086651	0.00111394781887908
Stenotrophomonas	Massilia	0.714899281316512	0.00185498098802839
Agrobacterium	Massilia	0.753081025984562	0.000758379050102009
Aurantimonas	Massilia	0.753081025984562	0.000758379050102009
Haloferula	Streptomyces	0.786795792469443	0.000299140673488463
Brevundimonas	Edaphobacter	0.729916309411518	0.00132761368912959
Actinospica	Edaphobacter	0.7286220229694	0.0013675801543076
Coxiella	Edaphobacter	0.7286220229694	0.0013675801543076
Solibacillus	Edaphobacter	0.7286220229694	0.0013675801543076
Asticcacaulis	Blastochloris	0.701472374412202	0.00246003114450022
Stenotrophomonas	Blastochloris	0.716187537425139	0.00180395741486761
Cellvibrio	Rhodopseudomonas	0.70643848326254	0.00222000570888103
Agrobacterium	Rhodopseudomonas	0.70643848326254	0.00222000570888103
Aurantimonas	Rhodopseudomonas	0.70643848326254	0.00222000570888103
Haloferula	Rhodopseudomonas	0.70643848326254	0.00222000570888103
Nordella	Rhodopseudomonas	0.726836120599327	0.00142433326483382
Flavobacterium	Acidisphaera	0.804143591804497	0.000173539348817808
Stenotrophomonas	Acidisphaera	0.723311003612568	0.00154199385786447
Rickettsiella	Acidisphaera	0.784340406595071	0.000321830004689438
Geothrix	Acidisphaera	0.784340406595071	0.000321830004689438
Archangium	Acidisphaera	0.784340406595071	0.000321830004689438
Flavobacterium	CandidatusRhabdochlamydia	0.763662073239339	0.000575546661402804
Asticcacaulis	Flavobacterium	0.716713200345963	0.00178346817163466
Rickettsiella	Flavobacterium	0.790905756012445	0.000264128002693598
Geothrix	Flavobacterium	0.790905756012445	0.000264128002693598
Archangium	Flavobacterium	0.790905756012445	0.000264128002693598
Agrobacterium	Flavobacterium	0.72406984559393	0.00151601975377846
Aurantimonas	Flavobacterium	0.72406984559393	0.00151601975377846
Brevitalea	Flavobacterium	-0.720388700458106	0.0016454285752856
Geodermatophilus	Rhodospirillum	1	0
Luteibacter	Rhodospirillum	1	0
Rickettsia	Rhodospirillum	1	0
Rhodobium	Rhodospirillum	1	0
Marinibacillus	Rhodospirillum	1	0
Sphingosinicella	Rhodospirillum	1	0
Telmatospirillum	Rhodospirillum	1	0
Singulisphaera	Shinella	0.786795792469443	0.000299140673488463
Blastococcus	Deinococcus	0.808290376865476	0.0001511692398104
Microtetraspora	Deinococcus	0.808290376865476	0.0001511692398104
Acinetobacter	Deinococcus	0.808290376865476	0.0001511692398104
Sphaerisporangium	Deinococcus	0.808290376865476	0.0001511692398104
Calditerricola	Nitrospira	0.821466309162952	9.53265587693153e-05
Modestobacter	Nitrospira	0.764347086049727	0.000565090387345979
Limisphaera	Geobacter	-0.733536695202651	0.00122085157796881
Tellurimicrobium	Geobacter	0.765125742477318	0.000553395050004957
Nitrobacter	Pseudonocardia	0.888634548902049	4.22385244114309e-06
Corallococcus	Pseudonocardia	0.888634548902049	4.22385244114309e-06
Steroidobacter	Methylosinus	0.786795792469443	0.000299140673488463
Kaistia	Methylosinus	0.868243142124459	1.29548743881269e-05
Dyella	Methylosinus	0.868243142124459	1.29548743881269e-05
Kineosporia	Methylosinus	0.868243142124459	1.29548743881269e-05
QuimioAutotrofos	Methylosinus	0.849836585598797	3.0742097417491e-05
Stenotrophomonas	Asticcacaulis	0.91249660701595	8.33607033401407e-07
Rickettsiella	Asticcacaulis	0.943370070516915	4.30877631352189e-08
Geothrix	Asticcacaulis	0.943370070516915	4.30877631352189e-08
Archangium	Asticcacaulis	0.943370070516915	4.30877631352189e-08
Amycolatopsis	Mycobacterium	0.769918853549452	0.000485707002852998
Blastococcus	Mycobacterium	0.74740931868366	0.000874479956253893
Microtetraspora	Mycobacterium	0.74740931868366	0.000874479956253893
Acinetobacter	Mycobacterium	0.74740931868366	0.000874479956253893
Sphaerisporangium	Mycobacterium	0.74740931868366	0.000874479956253893
Rickettsiella	Stenotrophomonas	0.903512889138197	1.61227314188217e-06
Geothrix	Stenotrophomonas	0.903512889138197	1.61227314188217e-06
Sphingobium	Stenotrophomonas	0.887738401894767	4.45660796222214e-06
Archangium	Stenotrophomonas	0.903512889138197	1.61227314188217e-06
Dehalococcoides	Brevundimonas	0.888634548902049	4.22385244114309e-06
Agromyces	Brevundimonas	0.888634548902049	4.22385244114309e-06
Saccharophagus	Brevundimonas	0.888634548902049	4.22385244114309e-06
Temp_aire	Brevundimonas	0.850398094531028	2.99933726068957e-05
Arhodomonas	Inquilinus	1	0
Humedad_Vol_aut	Inquilinus	0.761142396890602	0.000615387351841523
Kaistia	Burkholderia	0.808290376865476	0.0001511692398104
Dyella	Burkholderia	0.808290376865476	0.0001511692398104
Kineosporia	Burkholderia	0.808290376865476	0.0001511692398104
Blastococcus	Cellvibrio	0.868243142124459	1.29548743881269e-05
Microtetraspora	Cellvibrio	0.868243142124459	1.29548743881269e-05
Acinetobacter	Cellvibrio	0.868243142124459	1.29548743881269e-05
Sphaerisporangium	Cellvibrio	0.868243142124459	1.29548743881269e-05
Anaerobios	Cellvibrio	0.713635614162096	0.00190616384587061
Nordella	Cellvibrio	0.825387401233764	8.25106807433862e-05
Couchioplanes	Raoultella	0.831293884823001	6.5936378558229e-05
pH.1	Raoultella	-0.857100877719746	2.21711198302721e-05
Couchioplanes	Actinospica	0.888634548902049	4.22385244114309e-06
Coxiella	Actinospica	1	0
Solibacillus	Actinospica	1	0
Luteibacter	Geodermatophilus	1	0
Rickettsia	Geodermatophilus	1	0
Rhodobium	Geodermatophilus	1	0
Marinibacillus	Geodermatophilus	1	0
Sphingosinicella	Geodermatophilus	1	0
Telmatospirillum	Geodermatophilus	1	0
Geothrix	Rickettsiella	1	0
Archangium	Rickettsiella	1	0
Iamia	Micromonospora	0.786795792469443	0.000299140673488463
Humedad_Vol_aut	Micromonospora	0.857428383712995	2.18377630272215e-05
Corallococcus	Nitrobacter	1	0
Cryptanaerobacter	Nitrobacter	0.700825557885152	0.00249278185166668
Mixotrofos	Parachlamydia	0.739600261633639	0.00105779777857884
Cryptanaerobacter	Parachlamydia	0.754889867938268	0.000724134083335271
AerobiosObligados	Paenibacillus	0.780720058358827	0.00035786538554472
AnaerobiosFacultativos	Paenibacillus	0.807678294978702	0.000154311607555968
No	Paenibacillus	1	0
Pelobacter	Thermomonas	0.741940826802374	0.0009998334516792
Actinoplanes	Herpetosiphon	1	0
Cytophaga	Herpetosiphon	1	0
Hydrocarboniphaga	Herpetosiphon	1	0
Pandoraea	Herpetosiphon	1	0
Rickettsia	Luteibacter	1	0
Rhodobium	Luteibacter	1	0
Marinibacillus	Luteibacter	1	0
Sphingosinicella	Luteibacter	1	0
Telmatospirillum	Luteibacter	1	0
Phyllobacterium	Amycolatopsis	0.786795792469443	0.000299140673488463
Coxiella	Couchioplanes	0.888634548902049	4.22385244114309e-06
Solibacillus	Couchioplanes	0.888634548902049	4.22385244114309e-06
pH.1	Couchioplanes	-0.838195505557543	5.01841473175002e-05
Archangium	Geothrix	1	0
Porosidad	Phyllobacterium	-0.709418577209237	0.00208533495857033
Luteitalea	Sphingobium	-0.777777777777778	0.000389549820830171
Cytophaga	Actinoplanes	1	0
Hydrocarboniphaga	Actinoplanes	1	0
Pandoraea	Actinoplanes	1	0
Microtetraspora	Blastococcus	1	0
Acinetobacter	Blastococcus	1	0
Sphaerisporangium	Blastococcus	1	0
Nordella	Blastococcus	0.740844250952488	0.00102665766101939
Reyranella	Blastococcus	0.73148086363783	0.00128057899211598
Cryptanaerobacter	Corallococcus	0.700825557885152	0.00249278185166668
Aurantimonas	Agrobacterium	1	0
Ammoniphilus	Aquamonas	1	0
AerobiosObligados	Aquamonas	0.733333333333333	0.00122665640271524
AnaerobiosFacultativos	Aquamonas	0.733146349925071	0.00123201358473235
AerobiosObligados	Ammoniphilus	0.733333333333333	0.00122665640271524
AnaerobiosFacultativos	Ammoniphilus	0.733146349925071	0.00123201358473235
Solibacillus	Coxiella	1	0
Hydrocarboniphaga	Cytophaga	1	0
Pandoraea	Cytophaga	1	0
Dyella	Kaistia	1	0
Kineosporia	Kaistia	1	0
QuimioAutotrofos	Kaistia	0.843274042711568	4.07194138172251e-05
Rhodobium	Rickettsia	1	0
Marinibacillus	Rickettsia	1	0
Sphingosinicella	Rickettsia	1	0
Telmatospirillum	Rickettsia	1	0
Humedad_Vol_aut	Arhodomonas	0.761142396890602	0.000615387351841523
Agromyces	Dehalococcoides	1	0
Saccharophagus	Dehalococcoides	1	0
Temp_aire	Dehalococcoides	0.867969372912627	1.31345116951564e-05
Kineosporia	Dyella	1	0
QuimioAutotrofos	Dyella	0.843274042711568	4.07194138172251e-05
Pandoraea	Hydrocarboniphaga	1	0
QuimioAutotrofos	Kineosporia	0.843274042711568	4.07194138172251e-05
Act.Nitrificante	Knoellia	0.888634548902049	4.22385244114309e-06
Fermentadores	Knoellia	0.749410218063356	0.000831966559181385
Acinetobacter	Microtetraspora	1	0
Sphaerisporangium	Microtetraspora	1	0
Nordella	Microtetraspora	0.740844250952488	0.00102665766101939
Reyranella	Microtetraspora	0.73148086363783	0.00128057899211598
Marinibacillus	Rhodobium	1	0
Sphingosinicella	Rhodobium	1	0
Telmatospirillum	Rhodobium	1	0
Sphaerisporangium	Acinetobacter	1	0
Nordella	Acinetobacter	0.740844250952488	0.00102665766101939
Reyranella	Acinetobacter	0.73148086363783	0.00128057899211598
Laribacter	Actinomadura	1	0
Pe.1	Actinomadura	0.735388131467547	0.00116902806671026
Lysobacter	Actinomadura	0.861205594315974	1.8287017526486e-05
Saccharophagus	Agromyces	1	0
Temp_aire	Agromyces	0.867969372912627	1.31345116951564e-05
Pe.1	Laribacter	0.735388131467547	0.00116902806671026
Lysobacter	Laribacter	0.861205594315974	1.8287017526486e-05
Sphingosinicella	Marinibacillus	1	0
Telmatospirillum	Marinibacillus	1	0
Temp_aire	Saccharophagus	0.867969372912627	1.31345116951564e-05
Nordella	Sphaerisporangium	0.740844250952488	0.00102665766101939
Reyranella	Sphaerisporangium	0.73148086363783	0.00128057899211598
Telmatospirillum	Sphingosinicella	1	0
ParasitosBacterias	Act.Litica	1	0
Anaerobios	Aerobios	0.908400196401722	1.13554691716367e-06
FdCPolypeptona	Aerobios	0.920885546815824	4.21184091381477e-07
O.Metano	Aerobios	0.862470207682877	1.72124455506406e-05
Gemmatimonas	Aerobios	0.832560070892459	6.27725408570701e-05
Gemmatirosa	Aerobios	-0.774691718333132	0.000425235287825121
Heliobacterium	Aerobios	-0.728079755331944	0.00138461396021183
Luteitalea	Aerobios	-0.807669889608469	0.000154355134659667
AnaerobiosFacultativos	AerobiosObligados	0.95989264371633	4.02540401012175e-09
No	AerobiosObligados	0.780720058358827	0.00035786538554472
FdCPolypeptona	Anaerobios	0.993427094086825	1.3988810110277e-14
Gemmatimonas	Anaerobios	0.8130668132102	0.000128425156914691
Gemmatirosa	Anaerobios	-0.789351009662012	0.000276950247515284
Heliobacterium	Anaerobios	-0.735107666634695	0.00117676092129937
Luteitalea	Anaerobios	-0.74964511448473	0.000827088853851521
No	AnaerobiosFacultativos	0.807678294978702	0.000154311607555968
Gemmatimonas	FdCPolypeptona	0.838046958548897	5.04864930910287e-05
Gemmatirosa	FdCPolypeptona	-0.795818836168381	0.000226794315425494
Heliobacterium	FdCPolypeptona	-0.736436131325602	0.0011404995387454
Luteitalea	FdCPolypeptona	-0.742997695357523	0.00097452604477688
Modestobacter	H.Aerobicos	-0.748811884128078	0.000844497814926459
Thermovenabulum	H.Aerobicos	-0.731071023355832	0.00129276630292985
Luteitalea	O.Metano	-0.717235130184937	0.00176331201564595
Thermodesulfobium	O.Metano	0.801848832358743	0.00018705584438683
Lysobacter	Pe.1	0.744768660342608	0.00093329582270707
Brevitalea	Acidicapsa	-0.716840959869678	0.00177851706199106
Sphingomonas	Aliidongia	0.783958723143271	0.000325481452160048
Heliobacterium	Arenimicrobium	0.719966442688595	0.00166083027401198
Modestobacter	Arenimicrobium	0.720144567387828	0.00165431899930679
Modestobacter	Calditerricola	0.806601372557284	0.000159972153929377
Luteimonas	Desulfomonile	-0.76800926766085	0.000511805288544886
Heliobacterium	Gemmatimonas	-0.762054803948817	0.000600706742908574
Nordella	Gemmatimonas	0.72677482371063	0.00142631472934451
Vicinamibacter	Gemmatimonas	0.738356825059792	0.00108969183558627
Heliobacterium	Gemmatirosa	0.853707264837756	2.58841625935258e-05
Luteitalea	Gemmatirosa	0.733106341148718	0.00123316233655468
Luteitalea	Heliobacterium	0.701645456135234	0.00245132671522752
Modestobacter	Heliobacterium	0.713205112730472	0.00192386029992142
Pelobacter	Microvirga	0.703313124183923	0.00236872869427596
Thermovenabulum	Modestobacter	0.797435479431062	0.00021551194109537
Vicinamibacter	Solirubrobacter	0.773191677836391	0.000443530361382116
