taxon	Bact_total	Lumbricina	Formicidae	Coleoptera	Araneae	Diplopoda	Larvas	Enchytraeidae	Macrofauna	Oribatida	Mesostigmata	Prostigmata	Collembola	Mesofauna	Fauna Total	COT	COPg	COM	Nt	Pt	CHt	Temp - suelo (?C)	Tem -aire (?C)	Porosidad (%)	HT	PT	PF	Vmax	nifH_(qPCR)	Acaulospora alpina	A. bireticulata	A. delicata	A. denticulata	A. excavata	A. laevis	A. mellea	A. rehmii	A. scrobiculata	A. spinosa	Ambispora leptoticha	Archaeospora trappei	Claroideoglomus claroideum	C. etunicatum	C. luteum	Entrophospora infrequens	Septoglomus constrictum	Funneliformis coronatum	F. geosporus	F. mosseae	Gigaspora decipiens	G. gigantea	G. margarita	G. rosea	G. aggregatum	G. microagregatum	Glomus sp. 1	Glomus sp. 2	Glomus sp. 3	Pacispora boliviana	Pacispora sp. 1	Rhizophagus clarus 	111: 20:4 w6	unclassified	MC18	Bradyrhizobium	CandidatusSolibacter	Methylobacterium	Phenylobacterium	CandidatusEntotheonella	Acidisoma	A17	A.Azucar	A.ProteinasyAA	Aerobios	AerobiosObligados	Anaerobios	AnaerobiosFacultativos	FdCPolypeptona	Fermentadores	H.Aerobicos	M.AGrasosdeCCorta	O.Metano	O.Sulfuro	QuimioHeterotrofos	COT	pH	Nt	Pe	Humedad_Vol_aut	Temp_suelo	Temp_aire	Taire-Tsuelo	Humedad_gravimetrica	Densidad	Porosidad	Acidicapsa	Acidobacterium	Aliidongia	Amphritea	Anaeroglobus	Arenimicrobium	Brevitalea	Calditerricola	Cavicella	Chthoniobacter	Cryptanaerobacter	Desulfospira	Gemmata	Gemmatimonas	Gemmatirosa	Heliobacterium	Limisphaera	Luteimonas	Luteitalea	Lysobacter	Modestobacter	Paludibaculum	Pelobacter	Prevotella	Reyranella	Rhodoplanes	Solirubrobacter	Sphingomonas	Tellurimicrobium	Thermodesulfobium	Thermovenabulum	Vicinamibacter
BPF12	1006	240	720	160	0	0	240	3280	4960	188439	30558	40744	15279	320856	325816	1	5	3	5	7	6	1	38	1	4778	9	309	9	10	72	0	71	349	21	6	4	0	0	6	15	69	6	4	0	0	10	26	0	499	7	1379	62	0	0	0	0	6	7	85	1	99	0	994	59	25	12	5	4	4	5	6	42	5	123	1	68	3	67	10	169	21	54	1	1	9385	8	8801762796	16	3	42	15	26	9	14	36	16	3	6	6	3	34	41	4	1	76	5	4	11	52	5	68	2	5	14	0	46	6	1	2	5	15	6	8	5	23	17	39
BPF14	978	0	160	0	160	0	160	4720	5200	178253	203718	448179	40744	932009	937209	1	5	3	4	8	5	1	21	5	465	4	23	8	596	83	1	84	0	0	92	174	51	0	1	84	0	30	31	0	1023	2	659	48	0	0	2	76	0	0	23	5	89	0	0	0	0	0	956	86	29	9	15	4	1	5	4	30	4	99	1	49	2	47	13	135	11	51	2	3	4605	5	1414364641	88	6	5	2	7	84	8	1	5	4	9	3	5	28	35	4	1	69	4	13	11	56	3	90	3	3	4	0	75	1	3	2	4	16	4	14	2	16	10	60
BPF22	987	0	5520	80	0	0	480	3680	9840	366693	203718	234276	61116	977848	987688	1	4	3	5	7	6	1	41	4519	300	8	24	4	0	67	311	11	6	4	0	0	6	15	69	6	4	0	0	10	26	0	499	7	1379	62	0	0	0	6	6	7	85	1	99	0	0	0	999	53	25	11	19	7	3	2	5	46	6	88	3	40	5	39	16	184	17	47	1	0	1553	5	0	7	17	17	28	10	13	1	54	8	4	9	4	5	21	42	1	0	67	2	0	15	44	2	88	5	4	8	2	79	3	2	0	5	21	4	11	0	12	4	38
BPF24	1012	400	4000	80	80	0	320	8000	12880	509295	188439	682455	10186	1726509	1739389	1	6	3	4	9	5	1	31	2434	4	410	3	21	0	14	438	1	1	84	0	0	92	174	51	0	1	84	0	30	31	0	1023	2	659	48	0	0	2	76	92	31	23	5	89	0	0	0	987	78	32	10	7	5	2	3	3	57	4	96	2	63	2	62	15	145	16	34	1	2	4955	5	0	21	23	23	-0	31	11	1	55	11	3	3	4	1	42	37	6	0	88	4	13	10	56	4	70	0	7	7	1	77	0	3	1	5	17	1	3	2	9	6	30
BPF32	973	80	23840	400	160	0	240	1520	26400	269927	280113	61116	30558	707921	734321	1	4	2	4	8	6	1	30	5	5061	6	334	9	10	4	0	73	196	83	6	4	0	0	6	15	69	6	4	0	0	10	26	0	499	7	1379	62	0	0	0	0	6	7	85	1	99	0	974	68	31	10	18	9	1	4	5	40	5	92	1	48	1	47	6	191	17	45	1	0	1449	7	1195393169	41	78	2	76	2	34	2	34	19	7	8	4	3	10	20	3	2	101	1	3	14	36	3	75	2	3	6	1	63	5	0	0	3	19	3	11	6	13	3	41
BPF34	1035	0	240	80	0	0	80	4640	5040	56022	35651	86580	20372	224090	229130	1	2	3	4	6	5	1	22	2	325	1	22	3	0	57	400	1	84	0	0	92	174	51	0	1	84	0	30	31	0	1023	2	659	48	0	0	2	76	0	31	23	5	89	0	2	36	0	952	94	29	11	9	6	4	2	6	40	2	110	1	61	1	60	8	163	16	50	1	1	1605	5	1253648915	7	4	7	3	9	13	11	7	13	2	0	2	2	34	29	3	1	80	2	13	9	56	1	71	1	1	13	1	93	1	4	3	12	20	2	9	2	18	11	40
BPLL12	910	480	960	0	160	80	480	1120	3520	193532	56023	35651	5093	315763	319283	1	8	4	3	2	6	2	198	7800	2	157	42	3	0	55	526	98	21	34	0	0	33	450	4	5	25	2	3	0	66	11	49	5	25	616	18	662	8	0	62	7	0	1	31	86	67	0	939	86	20	30	4	4	3	9	8	51	4	96	1	42	1	42	15	226	11	54	0	2	1	5	0	8	15	18	28	9	14	1	52	20	1	0	5	0	3	41	3	4	35	3	2	10	39	0	58	3	4	11	8	12	0	0	13	9	27	4	0	9	15	5	91
BPLL14	931	480	0	0	400	640	80	80	1920	860708	91673	122231	40744	1161192	1163112	2	3	2	3	8	5	2	232	1	1047	3	22	9	13	349	21	2	7	0	1	38	409	18	6	91	4	15	0	18	66	0	364	94	1009	81	0	4	84	58	1	38	45	62	1	92	0	0	814	98	55	24	4	17	0	21	9	69	2	157	2	86	2	85	17	167	7	72	1	0	1	5	0	8	21	24	2	2	16	1	53	22	2	0	0	10	0	17	2	4	46	2	0	2	72	0	41	6	2	3	0	11	1	1	1	3	27	1	5	5	11	1	61
BPLL22	1005	80	80	0	0	0	80	160	480	117138	40744	66208	30558	275020	275500	1	7	3	2	2	6	2	82	7667	7	327	2	37	0	64	628	57	21	34	0	0	33	450	4	5	25	2	3	0	66	11	49	5	25	616	18	662	8	0	62	7	0	1	31	86	67	0	933	84	29	23	9	4	3	7	6	45	1	112	1	59	2	58	16	186	12	53	1	4	5	6	1219085487	30	88	8	2	1	93	18	87	8	6	0	5	9	9	33	4	2	52	10	1	9	50	3	48	2	4	14	5	38	1	1	6	6	24	2	10	8	23	2	79
BPLL24	997	240	640	0	160	0	400	320	2400	168067	20372	71301	66208	331042	333442	2	5	2	4	9	5	2	134	5	1017	1	22	24	17	234	92	2	7	0	1	38	409	18	6	91	4	15	0	18	66	0	364	94	1009	81	0	4	84	58	1	38	45	62	1	92	0	4	905	82	51	23	13	5	4	13	0	49	1	103	7	55	8	53	8	160	8	49	2	2	1	5	120190779	5	8	5	6	7	14	1	25	14	4	0	3	2	5	30	3	6	59	2	4	4	50	0	57	2	7	8	2	33	1	0	0	6	17	1	4	9	11	7	91
BPLL32	929	400	80	0	0	80	0	240	800	203718	56023	30558	25465	417623	418423	2	0	0	1	6	6	87	501	269	1	38	3	24	82	406	35	21	34	0	0	33	450	4	5	25	2	3	0	66	11	49	5	25	616	18	662	8	0	33	7	0	1	31	86	67	1	0	913	79	36	27	1	12	2	4	4	58	0	96	0	59	0	58	20	183	7	38	1	3	83	5	0	6	12	19	29	34	14	1	56	7	6	0	0	7	22	26	5	0	54	3	5	14	45	0	44	3	2	5	6	70	0	0	10	3	19	4	2	1	14	8	52
BPLL34	1017	400	160	240	480	160	0	720	2160	320856	106952	213904	106952	870894	873054	2	3	3	4	7	5	2	128	4007	7	889	5	26	32	374	6	2	7	0	1	38	409	18	6	91	4	15	0	18	66	0	364	94	1009	81	0	4	84	58	1	38	45	62	1	92	0	0	916	95	40	14	9	10	0	10	9	40	0	111	0	60	1	60	6	185	3	50	0	5	2	5	0	198	22	23	26	2	16	1	58	14	6	0	0	5	19	26	2	1	37	7	7	6	53	0	39	3	1	5	1	90	0	0	7	9	19	5	4	9	20	3	93
BPPE12	958	720	0	0	0	0	160	880	1760	25465	15279	5093	5093	61116	62876	1	7	2	3	3	6	1	22	2	5379	2	247	4	38	3	0	3	311	11	3	27	0	5	23	339	2	7	19	0	65	0	9	8	0	503	63	866	82	0	47	0	65	0	84	27	6	23	964	87	32	8	3	6	5	7	4	40	5	103	1	56	1	55	5	185	15	48	1	3	3355	6	1190779014	72	34	6	25	5	54	15	4	7	10	0	1	11	22	21	4	2	58	7	0	6	62	2	50	3	2	12	8	47	9	0	6	4	14	2	5	6	6	6	33
BPPE14	1001	1040	279040	160	240	2480	560	240	292240	529666	91673	61115	10186	713012	1005252	1	6	2	3	2	5	1	3	3177	7	594	5	24	0	1	152	38	5	35	0	0	322	65	52	59	2	67	0	2	67	0	414	46	1032	13	0	0	39	22	89	54	37	12	64	0	1	0	897	132	37	28	7	5	4	10	8	43	7	93	1	51	3	51	12	180	19	40	0	7	2193	4	176812749	82	3	3	13	5	65	23	33	8	10	0	2	5	15	23	5	1	59	3	3	16	44	3	62	1	3	11	8	66	4	1	3	7	13	3	7	4	8	4	30
BPPE22	976	880	0	160	160	80	0	1280	2560	45837	20372	20372	81487	188439	190999	1	5	2	2	6	5	43	9	5385	7	307	7	36	66	0	32	323	81	3	27	0	5	23	339	2	7	19	0	65	0	9	8	0	503	63	866	82	0	0	0	65	0	84	27	6	61	0	952	64	41	9	8	9	4	3	5	45	7	87	2	41	5	39	14	160	17	45	2	1	2496	5	0	75	26	11	1	33	20	1	47	15	9	0	0	4	21	39	3	3	60	8	4	14	35	2	46	1	2	17	1	45	2	3	4	4	19	0	3	21	23	14	42
BPPE24	978	1440	320	0	80	1040	640	1200	4800	40744	5093	25465	15279	96766	101566	1	3	4	4	6	5	2	23	4475	5	646	8	31	0	1	336	51	5	35	0	0	322	65	52	59	2	67	0	2	67	0	414	46	1032	13	0	0	39	22	89	54	37	12	64	0	0	22	975	59	29	15	7	3	1	7	1	52	5	108	0	53	1	52	10	174	6	55	1	6	2237	5	0	134	85	24	25	2	16	1	55	5	10	0	2	4	12	24	5	1	70	8	3	11	47	0	44	1	5	13	4	60	2	0	4	4	16	0	12	17	25	9	65
BPPE32	991	640	960	0	0	0	240	880	2720	10186	15279	20372	20372	71301	74021	2	0	0	1	6	4	9	2	5658	4	400	3	33	1	0	41	317	46	3	27	0	5	23	339	2	7	19	0	65	0	9	8	0	503	63	866	82	0	0	0	65	0	84	27	6	61	51	949	91	25	14	9	6	3	8	4	60	4	98	1	48	1	47	10	194	14	51	1	2	2	3	2016574586	87	37	28	8	0	82	13	44	14	10	1	2	14	24	20	4	1	50	3	3	16	46	3	84	1	5	11	6	43	1	1	3	7	19	4	8	7	17	9	26
BPPE34	985	1120	720	0	0	160	80	11040	13120	1018589	50929	61115	71301	1313980	1327100	2	4	1	3	5	6	13	6	559	23	2	25	3	24	5	35	0	0	322	65	52	59	2	67	0	2	67	0	414	46	1032	13	0	0	39	22	0	0	89	12	64	0	1	22	0	0	2	956	77	32	10	5	3	6	12	3	58	2	89	3	47	4	46	19	192	8	42	1	4	1	6	1690129768	66	26	6	2	30	29	37	54	10	3	1	3	9	9	24	4	1	59	1	2	16	48	1	113	0	5	13	9	35	2	3	7	4	16	4	7	6	17	3	32
MPF12	20	0	80	80	0	0	640	160	960	20372	50930	20372	5093	96766	97726	0	9	2	3	5	6	1	15	9	3247	5	173	26	0	29	330	16	14	85	1	54	6	15	85	1	12	8	0	0	18	95	0	521	82	1242	33	0	0	22	0	1	54	2	34	0	0	1	979	79	13	10	9	4	5	4	2	51	4	75	0	46	0	44	11	192	12	31	2	3	2125	7	1844444444	43	4	6	18	2	67	15	48	6	15	3	1	2	30	27	5	0	115	4	8	13	47	2	85	1	1	12	3	59	4	0	0	3	17	1	15	2	7	14	29
MPF14	26	0	0	0	0	80	400	1520	2000	5093	20372	40744	0	66208	68208	1	1	1	3	7	6	1	7	1	271	2	10	8	0	5	526	98	10	86	1	89	0	94	68	94	14	64	0	0	13	69	0	537	82	1262	16	0	47	0	0	0	2	36	10	64	0	4	972	75	26	6	9	8	2	3	4	58	2	94	2	51	3	50	18	168	17	43	1	0	3545	4	1342541436	20	38	7	1	4	35	23	56	8	6	3	6	2	23	28	4	3	82	6	14	13	38	1	79	1	9	14	6	54	5	3	0	11	22	5	13	1	18	9	26
MPF24	23	0	80	0	0	0	240	1360	1680	5093	0	40744	0	45837	47517	1	6	2	2	2	6	1	12	3259	8	427	2	7	75	0	7	552	38	10	86	1	89	0	94	68	94	14	64	0	0	13	69	0	537	82	1262	16	0	47	22	0	0	2	36	10	64	0	914	116	21	11	9	5	0	6	3	36	5	93	1	56	1	55	12	135	14	38	1	2	2755	5	1478602277	23	2	62	27	8	83	6	55	3	9	5	2	3	22	42	0	1	102	6	14	10	42	3	71	3	1	12	3	65	2	1	1	1	21	8	12	1	7	8	21
MPF32	42	0	0	80	0	0	320	4880	5520	56023	86580	5093	10186	168068	173588	1	5	2	3	6	6	30	3	6127	375	1	22	2	34	222	22	14	85	1	54	6	15	85	1	12	8	0	0	18	95	0	521	82	1242	33	0	0	22	2	1	54	2	34	0	0	0	16	954	79	17	8	14	6	3	1	2	33	3	99	2	54	3	52	9	143	17	46	2	2	2701	5	0	2	41	25	8	4	20	1	86	5	2	4	2	5	28	48	2	2	123	7	8	17	48	4	61	2	5	13	2	61	2	0	1	6	24	1	10	3	13	12	30
MPF34	25	0	0	80	0	0	160	1120	1360	5093	30558	15279	20372	71301	72661	1	1	2	2	7	6	1	6	2315	312	5	6	3	35	520	63	10	86	1	89	0	94	68	94	14	64	0	0	13	69	0	537	82	1262	16	0	47	0	13	0	2	36	10	64	0	0	1	949	93	19	13	6	4	2	5	7	45	3	106	0	58	0	56	16	153	20	50	2	4	5395	6	0	2	31	23	8	2	22	1	54	9	1	2	4	11	27	24	4	2	105	3	9	9	31	4	68	1	1	8	0	68	0	2	1	1	17	2	13	2	17	3	24
MPPE14	38	640	0	80	80	160	240	320	1680	631525	35651	56022	66208	789407	791087	1	5	2	2	1	5	1	13	2745	7	311	9	21	0	8	209	52	0	0	75	2	98	458	63	7	46	0	0	5	97	0	367	65	950	82	0	0	84	27	48	47	11	42	0	3	49	0	962	97	23	11	8	3	9	6	3	40	4	84	0	33	0	32	10	144	13	52	1	2	3736	5	0	32	33	10	12	8	30	1	23	8	1	1	0	10	29	39	8	0	73	4	4	10	38	1	64	1	1	19	5	105	3	1	9	7	19	1	3	1	25	8	35
MPPE22	31	400	80	80	0	0	80	1040	1840	173161	40744	0	0	218997	220837	1	8	2	2	4	6	1	25	8	5580	6	272	3	87	0	27	425	4	1	23	0	0	236	74	0	0	61	0	6	13	0	309	72	1204	53	0	0	133	7	34	35	3	5	0	2	42	21	929	111	30	9	18	0	7	3	2	35	3	86	0	47	1	46	13	181	15	39	1	5	3	7	158037495	13	7	36	26	3	37	37	47	2	3	3	9	4	18	35	5	1	100	3	6	10	47	2	57	1	3	17	4	76	2	1	2	1	15	4	9	6	13	8	30
MPPE24	37	2080	0	160	0	0	720	560	3520	66208	0	25465	10186	101859	105379	1	4	1	2	1	6	5	7	1	323	5	23	26	13	88	89	0	0	75	2	98	458	63	7	46	0	0	5	97	0	367	65	950	82	0	0	84	27	0	47	11	42	0	4	69	0	0	967	111	22	11	6	4	11	1	3	50	3	82	0	54	1	52	15	161	18	29	2	2	4474	7	1576451995	57	5	54	18	46	71	28	47	3	5	0	6	11	27	51	2	1	75	13	7	10	38	0	62	0	2	26	2	90	3	5	4	1	8	1	9	2	9	6	31
MPPE32	19	560	0	80	160	0	480	3680	4960	76394	20372	10186	10186	127324	132284	1	5	3	2	6	5	22	9	4625	7	248	28	21	234	92	1	23	0	0	236	74	0	0	61	0	6	13	0	309	72	1204	53	0	0	133	7	0	0	34	5	0	2	42	0	0	0	0	939	84	27	13	11	9	4	5	2	44	3	74	0	41	1	40	15	173	13	33	1	1	4313	6	0	4	23	23	8	2	31	1	61	6	2	1	3	4	14	31	4	2	70	8	4	9	65	1	81	0	1	20	1	75	6	1	2	9	12	2	10	3	15	15	42
MPPE34	31	560	0	0	80	320	80	1360	2480	290298	56022	101859	30558	478737	481217	1	8	2	3	3	6	11	9	409	7	22	6	30	165	8	0	0	75	2	98	458	63	7	46	0	0	5	97	0	367	65	950	82	0	0	84	27	0	0	11	42	0	0	0	0	0		983	96	17	14	3	2	14	0	3	39	3	83	1	41	1	39	12	150	14	44	2	6	9195	5	0	92	38	10	2	7	23	1	65	1	4	1	1	2	20	47	3	2	89	7	4	13	42	0	74	0	0	20	4	93	8	1	4	4	20	0	2	1	18	10	26
MPZ12	86	240	160	80	80	0	0	80	640	188439	56023	5093	30558	320856	321496	1	6	2	2	2	6	1	14	7	6189	6	126	1	3	4	0	21	0	610	17	54	83	0	85	0	8	5	8	71	535	79	476	28	0	43	0	50	37	0	85	176	4	2	52	0	0	7	1050	71	17	7	3	2	5	0	2	32	4	85	2	62	2	61	9	149	23	24	1	1	1133	6	2139	41	32	26	20	3	97	2	56	4	10	6	1	2	43	36	9	0	83	8	13	14	38	1	105	1	1	12	7	95	0	2	13	7	11	5	5	2	7	6	33
MPZ14	42	0	0	160	0	0	80	80	320	213904	30558	10186	5093	300484	300804	1	9	3	3	4	6	1	6	3143	4	465	5	11	0	26	241	27	0	65	0	0	65	368	59	23	28	0	0	21	99	0	763	69	684	8	0	0	36	86	0	25	22	2	51	0	5	42	1003	70	24	8	11	2	4	4	5	36	0	91	2	52	4	51	10	151	12	38	1	0	1255	7	228798096	27	18	12	-4	5	64	1	49	8	3	2	1	4	30	33	1	2	86	9	3	13	42	2	92	1	1	21	5	114	2	5	11	7	15	3	19	2	14	10	20
MPZ22	45	640	0	240	240	80	80	320	1600	45837	30558	15279	10186	106952	108552	1	5	2	2	1	6	1	24	6	3979	9	174	8	3	4	0	21	0	610	17	54	83	0	85	0	8	5	8	71	535	79	476	28	0	43	0	50	37	0	85	176	4	2	52	0	0	0	1007	73	20	8	2	5	6	3	7	41	3	79	2	42	2	41	14	157	12	38	1	0	1871	2	0	52	39	1	43	30	38	13	58	7	1	4	0	3	14	45	8	1	96	6	2	8	36	1	87	1	0	11	9	92	2	2	4	6	16	4	12	0	13	6	23
MPZ24	28	0	0	80	0	0	160	80	320	387064	86580	40744	50929	651897	652217	2	0	0	1	6	3	9	5	6	540	2	9	7	46	203	17	0	65	0	0	65	368	59	23	28	0	0	21	99	0	763	69	684	8	0	0	36	86	1	25	22	2	51	0	0	0	6	1019	60	20	7	19	2	9	2	4	35	6	85	3	43	3	42	21	144	24	43	1	2	1	7	0	24	48	75	5	5	23	5	58	6	2	0	3	3	15	31	12	1	87	6	2	13	41	2	71	0	2	20	4	115	0	2	3	6	10	2	13	4	16	13	33
MPZ32	53	320	80	320	80	80	240	560	1680	402344	35651	35651	81487	611155	612835	1	6	2	2	2	6	1	13	3	4127	8	155	4	3	4	0	21	0	610	17	54	83	0	85	0	8	5	8	71	535	79	476	28	0	43	0	50	37	0	85	176	4	2	52	0	0	14	984	82	30	3	10	4	7	1	4	49	5	91	0	47	0	45	10	146	23	46	2	3	7865	6	3271648873	15	33	26	23	6	38	1	48	17	3	1	2	1	22	29	2	1	77	4	9	16	43	2	85	0	4	24	5	84	1	5	7	2	19	1	9	4	15	5	24
MPZ34	29	80	0	80	160	160	0	80	560	300484	101859	61115	280112	769035	769595	1	8	2	2	4	6	1	8	3312	1	470	9	2	68	431	75	0	65	0	0	65	368	59	23	28	0	0	21	99	0	763	69	684	8	0	0	36	86	1	25	22	2	51	0	4	41	6	964	68	35	25	8	1	14	7	3	45	4	119	1	47	2	44	11	156	21	74	3	0	1426	5	2937375349	6	26	14	-5	6	75	0	14	11	5	0	0	1	33	20	7	0	71	7	4	13	22	0	79	0	2	22	2	99	1	2	2	5	21	1	16	4	29	14	23
NAF12	971	640	23600	1120	80	640	1200	80	27360	331042	101859	25465	40744	519482	546842	1	5	5	3	8	6	1	47	6	3247	5	173	26	32	0	74	266	67	27	97	0	7	1	4	30	7	91	6	0	0	6	99	3	5	522	3	1218	71	0	39	0	0	15	38	2	24	0	1005	72	35	6	2	5	9	6	2	49	3	108	8	53	9	51	17	180	16	56	2	1	1453	8	0	4	9	1	45	33	42	99	62	9	3	11	1	2	27	19	2	0	48	1	2	15	22	5	119	2	6	18	3	57	1	4	5	2	24	5	11	10	24	5	16
NAF14	980	640	52080	160	160	0	240	80	53440	346320	218997	81487	50929	723198	776638	1	6	4	4	7	6	1	21	3	339	7	17	7	488	89	11	94	0	2	65	16	58	0	66	0	2	65	0	0	66	190	38	1691	51	0	0	6	63	0	32	4	7	0	1	17	0	9	984	53	52	14	2	3	1	3	10	37	2	97	5	46	6	45	12	148	15	51	1	2	83	6	0	9	82	38	6	6	74	94	49	4	5	1	3	8	9	40	4	0	44	1	1	15	25	7	110	3	8	13	2	53	0	6	13	3	15	3	4	9	26	14	31
NAF24	1001	0	6400	80	160	0	1600	480	8800	427807	142602	91673	20372	758849	767649	1	4	3	4	7	6	1	17	2592	6	294	2	14	15	526	98	11	94	0	2	65	16	58	0	66	0	2	65	0	0	66	190	38	1691	51	0	0	6	63	3	32	4	7	0	0	0	85	982	102	25	1	6	7	8	2	11	53	5	77	2	47	2	46	19	175	16	31	1	1	2	7	0	12	8	19	16	33	5	25	56	6	2	5	3	5	39	36	6	1	67	3	6	24	32	6	110	3	6	16	1	83	0	2	5	3	16	4	12	4	6	15	31
NAF32	951	160	42000	240	160	0	2960	720	46320	86580	106952	71301	10186	300485	346805	1	6	6	5	5	6	1	45	4	6127	375	1	30	48	0	64	285	71	27	97	0	7	1	4	30	7	91	6	0	0	6	99	3	5	522	3	1218	71	0	39	0	0	15	38	2	24	46	1002	53	42	11	6	10	2	4	4	58	3	91	3	51	3	49	14	174	13	42	2	3	8425	6	101053453	7	13	44	12	9	10	1	39	12	4	5	2	3	24	21	1	0	71	3	2	14	28	5	105	2	3	16	1	49	1	3	8	3	18	3	5	3	18	13	25
NAF34	1042	80	48080	0	0	0	720	1440	50320	488923	361599	40744	76394	1074612	1124932	2	1	6	5	6	1	24	6	9	486	9	15	6	26	558	73	11	94	0	2	65	16	58	0	66	0	2	65	0	0	66	190	38	1691	51	0	0	6	63	3	32	4	7	0	1	15	3	1006	79	26	9	3	3	8	5	9	38	3	99	1	59	1	59	13	141	17	40	0	0	86	5	1060855909	32	7	92	4	8	7	1	74	9	2	5	4	2	15	37	10	1	71	2	8	12	39	4	104	1	9	17	3	83	0	3	0	0	17	10	7	4	10	11	58
NALL12	923	2080	880	80	0	0	160	240	3440	443087	66208	112045	402344	1038964	1042404	3	2	7	5	6	3	435	6	6938	4	692	5	41	72	1	1	488	89	54	83	0	2	35	283	57	3	92	1	57	1	57	6	27	10	18	389	32	954	88	51	7	0	0	166	85	1	92	764	160	28	27	6	10	0	14	14	55	5	127	0	78	0	76	19	262	13	51	2	2	2	7	0	12	5	20	20	5	12	11	61	13	3	0	3	3	0	18	0	5	39	1	1	15	53	1	41	4	0	1	0	2	0	3	0	0	36	4	1	2	17	2	18
NALL14	954	0	13120	160	160	0	560	0	14080	519481	106952	152788	10186	1247772	1261852	3	5	6	5	4	5	3	411	4105	4	1285	1	12	2	266	67	0	73	0	0	174	39	0	73	0	7	27	12	35	5	9	433	7	1231	62	0	0	27	61	0	31	24	2	29	0	0	7	761	129	66	24	13	13	1	7	4	62	4	115	3	66	3	65	13	211	13	50	1	0	2482	1	0	6	2	28	31	35	8	94	50	11	4	0	3	6	0	19	0	1	80	1	9	15	41	0	17	3	4	10	0	8	2	1	1	2	16	6	2	5	19	3	24
NALL22	1011	2480	3360	480	0	0	240	160	6800	860710	911640	290299	1344541	3442840	3449640	2	8	7	4	7	6	2	384	4	5919	5	275	4	29	0	94	501	59	54	83	0	2	35	283	57	3	92	1	57	1	57	6	27	10	18	389	32	954	88	51	7	0	0	166	85	1	2	875	130	26	21	7	3	0	4	7	46	5	126	2	74	4	74	15	208	21	50	0	0	2415	6	1173652695	9	9	4	27	3	13	1	52	5	2	2	10	3	5	36	0	1	60	7	5	15	81	3	41	5	12	14	0	17	2	0	8	1	22	11	2	4	16	5	61
NALL24	968	0	0	320	80	0	400	0	880	325949	254647	132417	10186	748663	749543	3	3	4	5	4	5	3	338	4915	9	1451	6	13	96	0	31	387	3	0	73	0	0	174	39	0	73	0	7	27	12	35	5	9	433	7	1231	62	0	0	2	91	0	31	24	2	29	3	856	103	21	17	13	15	0	14	2	57	5	157	1	89	2	88	18	205	12	68	1	2	3735	5	968379447	2	6	2	21	8	17	1	27	9	2	2	2	0	1	41	2	4	72	2	1	15	81	1	34	2	7	5	0	17	1	0	11	9	16	6	5	7	29	3	61
NALL32	915	1760	0	0	0	0	880	880	3520	835245	96766	96766	71301	1125544	1129064	3	2	0	1	6	3	364	8	9503	9	456	6	41	6	1	21	520	63	54	83	0	2	35	283	57	3	92	1	57	1	57	6	27	10	18	389	32	954	88	51	7	0	0	166	85	1	3	845	103	37	28	8	15	0	16	6	53	1	137	1	78	1	78	17	186	9	59	0	2	2634	7	0	13	28	22	97	34	45	2	61	3	7	0	2	3	1	35	0	6	36	1	3	15	48	0	47	6	4	3	0	4	1	2	2	4	27	5	1	6	12	5	33
NALL34	940	0	17200	1680	80	0	1360	0	20400	1405653	86580	61115	10186	1563535	1583935	4	7	4	8	6	5	4	318	1440	4	12	30	8	7	0	73	0	0	174	39	0	73	0	7	27	12	35	5	9	433	7	1231	62	0	0	27	61	2	91	24	2	29	0	0	0	0	NA	828	83	27	29	12	6	0	18	3	73	1	133	1	64	1	62	21	169	13	71	2	4	1591	1	0	25	54	28	5	0	86	96	56	5	2	2	7	2	12	32	2	2	62	4	5	8	65	2	33	4	2	0	0	33	2	1	1	1	28	3	4	3	27	6	33
NAPE12	1004	1120	26960	0	80	160	480	1200	30080	1354727	76394	193532	71301	4843404	4873484	2	5	2	2	2	6	3	21	2	8513	3	1068	7	43	98	0	64	355	56	14	64	1	46	0	1268	8	0	8	79	0	73	8	5	0	75	41	482	48	0	96	0	0	44	66	6	23	0	830	192	51	6	12	5	11	2	2	45	3	81	4	42	4	41	14	234	12	40	1	3	1893	6	1052631579	76	21	24	7	2	12	1	16	2	1	0	5	1	15	42	4	5	47	0	4	20	27	5	78	1	4	19	2	20	1	1	12	2	28	4	1	19	13	5	20
NAPE14	993	1600	2880	80	160	2240	480	1520	9200	198625	81487	132417	50929	560224	569424	2	9	6	6	7	5	3	4	4459	6	981	6	26	0	15	253	97	18	0	0	924	5	3	2	10	0	119	803	0	0	15	0	0	28	12	58	0	0	0	0	0	0	30	87	1	34	7	931	117	49	9	9	4	13	2	3	45	5	107	1	61	2	58	16	198	16	48	3	5	9465	5	984591071	94	30	68	22	8	14	1	76	6	5	1	4	1	23	42	0	0	52	2	1	18	27	4	107	0	5	10	8	24	2	4	16	1	9	2	8	12	19	7	14
NAPE22	972	1200	78720	160	0	240	640	0	125360	1115358	91673	45837	50930	1578817	1704177	2	3	3	3	8	6	2	14	7	9284	3	819	6	53	97	0	53	400	14	64	1	46	0	1268	8	0	8	79	0	73	8	5	0	75	41	482	48	0	0	0	0	44	66	6	23	0	0	863	153	54	11	3	10	12	0	2	53	2	95	2	64	2	59	28	195	11	36	5	2	1	8	0	5	9	28	15	35	61	13	57	1	2	0	7	4	24	50	0	4	49	1	1	11	27	4	81	0	6	13	1	25	2	0	20	6	27	2	1	9	12	8	21
NAPE24	977	2400	1600	800	0	400	1840	160	7200	101859	40744	76394	10186	300484	307684	3	2	9	5	8	5	2	3	5119	9	1047	7	27	82	0	17	234	92	18	0	0	924	5	3	2	10	0	119	803	0	0	15	0	0	28	12	58	0	0	0	0	0	2	47	8	64	65	967	77	60	9	9	5	6	1	5	66	2	92	2	44	3	43	12	176	9	48	1	0	4705	6	1421658072	7	33	26	5	5	13	1	28	11	2	2	0	7	15	36	3	2	74	2	1	22	22	3	96	0	9	16	1	36	5	3	11	2	15	1	2	12	19	5	24
NAPE32	962	880	7920	80	80	160	1440	80	10800	458366	112045	56023	56023	692642	703442	4	7	3	4	6	5	13	5	8178	1	1143	6	34	59	355	56	14	64	1	46	0	1268	8	0	8	79	0	73	8	5	0	75	41	482	48	0	0	21	96	44	66	6	23	0	0	0	3	927	153	36	15	5	4	9	2	4	46	5	81	4	48	4	42	13	241	17	39	5	1	1801	6	0	22	24	21	3	0	92	8	49	10	2	11	5	7	0	36	1	1	70	5	2	10	20	5	87	1	8	18	1	14	0	1	7	4	18	3	9	10	7	1	16
